node	cluster
s82693	1
s487	1
s3134	1
s140249	1
s135	1
s4737	1
s800	1
s82603	3
s143324	1
s114935	1
s81453	1
s105681	1
s3712	1
s465	1
s5207	1
s82125	1
s105757	1
s5282	3
s1510	1
s1478	1
s4275	1
s4582	1
s131933	1
s120783	1
s105495	1
s105072	1
s81748	1
s134670	1
s82498	1
s5117	1
s3913	1
s445	1
s134730	1
s131886	1
s2444	1
s82702	1
s2734	1
s134702	1
s121008	1
s4894	1
s81576	1
s114895	1
s120993	1
s82816	1
s105028	1
s83302	1
s428	1
s2200	1
s3768	1
s1441	1
s4394	1
s1105	1
s81798	1
s596	1
s1183	1
s2724	1
s114617	1
s105721	1
s104985	1
s105812	1
s3483	1
s105088	1
s82066	1
s121153	1
s871	1
s83224	1
s131892	0
s2450	1
s143426	1
s138303	1
s1094	1
s138244	1
s81733	1
s105782	1
s768	1
s2086	1
s4326	1
s2135	1
s3561	1
s105242	2
s114734	1
s115057	1
s129054	1
s134766	1
s83219	1
s5167	1
s3127	1
s131929	1
s795	1
s138260	1
s82250	1
s3991	1
s81421	1
s75	1
s82863	1
s2916	1
s114579	1
s4486	1
s129217	1
s105399	1
s1402	1
s140510	1
s105262	1
s138245	1
s82156	1
s137984	1
s82354	1
s909	1
s4898	1
s129150	1
s549	1
s134764	1
s4473	1
s105208	1
s397	1
s150	1
s2017	1
s146	1
s4680	1
s138296	1
s104791	1
s120933	1
s3048	1
s125532	2
s767	1
s5019	1
s45	1
s4095	1
s395	1
s105210	1
s1078	1
s5119	1
s105514	1
s5037	1
s129241	1
s82667	2
s139653	1
s954	1
s1498	1
s83111	1
s114661	1
s82756	1
s5238	1
s5018	1
s2338	1
s1861	1
s129166	1
s105609	1
s132073	1
s620	1
s82961	1
s104878	1
s105148	1
s3490	1
s1044	1
s364	1
s125412	1
s138241	1
s81920	1
s105458	1
s3976	1
s114908	1
s83122	1
s4437	1
s112	1
s81934	1
s114989	1
s114743	1
s137946	1
s3318	1
s105121	1
s105554	1
s105133	1
s1903	1
s1421	1
s105704	1
s81742	1
s3348	1
s81366	1
s5008	1
s120888	1
s82450	1
s114928	1
s1415	1
s82650	2
s129	1
s82807	1
s121156	1
s140226	1
s105223	1
s105	1
s105387	1
s4286	1
s131913	1
s693	1
s82114	1
s2646	1
s114864	1
s82035	1
s83268	1
s3410	1
s134629	1
s2622	1
s4739	1
s105530	1
s125407	1
s935	1
s114516	1
s4174	1
s4855	1
s143422	1
s5079	1
s2704	1
s81778	1
s82653	2
s138253	1
s529	1
s3057	1
s4277	1
s82195	1
s1736	1
s140251	1
s114848	1
s82758	1
s2222	1
s618	1
s3316	1
s105132	1
s114907	1
s4686	1
s104919	1
s140496	1
s1043	1
s3050	1
s3767	1
s2237	1
s4758	1
s3326	1
s129196	3
s4222	1
s2493	1
s4477	1
s134681	1
s140519	1
s2837	1
s140413	1
s81937	1
s4089	1
s82313	1
s4030	1
s82262	1
s104928	1
s125458	1
s140270	1
s105043	1
s107	1
s1662	1
s125423	1
s2766	1
s120825	1
s139612	1
s3113	1
s121181	1
s131906	1
s131952	1
s81878	1
s138345	1
s114930	1
s114634	1
s114784	1
s105532	1
s2092	1
s4047	1
s948	1
s82204	1
s125355	1
s3553	1
s3409	1
s81552	1
s104818	1
s2677	1
s105450	1
s907	1
s1342	1
s81924	1
s125615	1
s4874	1
s914	1
s734	1
s114711	1
s3335	1
s82743	1
s1972	1
s3786	1
s105505	1
s140486	1
s2174	1
s1902	1
s1796	1
s120853	1
s81930	1
s115076	1
s139623	1
s104907	1
s129128	1
s114868	1
s140255	1
s138229	1
s81834	1
s82224	1
s104924	1
s121034	1
s105292	1
s105684	1
s114782	1
s4139	1
s81721	1
s3245	1
s82159	1
s3919	1
s4872	1
s83240	1
s4756	1
s831	1
s687	1
s132080	1
s105712	1
s129130	1
s81619	1
s82465	1
s2722	1
s1443	1
s2448	1
s1144	1
s131983	1
s1288	1
s131940	1
s114544	1
s3194	1
s894	1
s4806	1
s2457	1
s82525	1
s4726	1
s82745	1
s134618	1
s82197	1
s137944	1
s82494	1
s82873	1
s129008	1
s134741	1
s82110	1
s2401	1
s4199	1
s4307	1
s1883	1
s3868	1
s3538	1
s125349	1
s2409	1
s2985	1
s137963	1
s1913	0
s82842	1
s105202	1
s104908	1
s3103	1
s120940	1
s129183	1
s129092	1
s3000	1
s134721	1
s1085	1
s114599	1
s1899	1
s2443	1
s3367	1
s256	1
s120820	1
s121032	1
s140234	1
s81747	1
s115041	1
s1066	1
s2895	1
s83252	1
s114818	1
s552	1
s1764	1
s81436	1
s105245	2
s5068	1
s2069	1
s105380	1
s1844	1
s120746	1
s120968	1
s114662	1
s134676	1
s989	1
s1623	1
s3711	1
s82943	1
s82021	1
s125505	1
s4996	1
s83201	1
s1607	1
s2753	1
s3969	1
s1561	1
s105378	1
s103	1
s139625	1
s81891	1
s4514	1
s422	1
s4812	1
s105403	1
s105499	1
s131994	1
s129026	1
s585	1
s2432	1
s1946	0
s82536	1
s5138	1
s132075	1
s4324	1
s104861	1
s81953	1
s134800	1
s3885	1
s82279	1
s551	1
s1788	1
s850	1
s4742	1
s114910	1
s1602	1
s1399	1
s129029	1
s114749	1
s121176	1
s82448	1
s4712	1
s2526	1
s2575	1
s89	1
s2836	1
s105255	1
s82120	1
s120805	1
s140467	1
s131926	1
s5332	1
s81736	1
s114764	1
s2176	1
s4271	1
s4220	1
s4954	1
s105207	1
s114829	1
s114849	1
s4020	1
s992	1
s104918	1
s1093	1
s5191	1
s433	1
s1103	1
s82727	1
s115034	1
s3992	1
s114872	1
s3429	1
s4673	1
s121090	1
s104825	1
s129062	1
s2453	1
s143410	1
s134641	1
s1807	1
s120916	1
s2749	1
s811	1
s2746	1
s120956	1
s4407	1
s4940	1
s105760	1
s2750	1
s105102	1
s5322	1
s3823	1
s105565	1
s115021	1
s83320	1
s378	1
s114708	1
s105580	1
s82927	1
s3639	1
s82718	1
s104969	1
s4228	1
s3402	1
s3033	1
s82885	1
s264	1
s469	1
s4393	1
s82561	3
s2170	1
s5434	1
s2227	1
s4883	1
s129202	2
s2785	1
s105384	1
s81663	1
s5267	3
s81835	1
s82751	1
s125361	1
s2070	1
s82221	1
s105188	1
s3927	1
s2361	1
s3942	1
s129001	1
s82013	1
s815	1
s1820	1
s120829	1
s2692	1
s125599	1
s686	1
s81707	1
s114804	1
s68	1
s238	1
s105290	1
s105754	1
s131976	1
s1751	1
s104958	1
s1907	1
s1106	1
s81675	1
s81466	1
s82364	1
s3832	1
s125461	1
s143427	1
s2376	1
s81685	0
s3551	1
s81374	1
s2826	1
s81947	1
s81396	1
s2236	1
s83133	1
s972	1
s134765	1
s4729	1
s906	1
s966	1
s105153	1
s5180	1
s104892	1
s121127	1
s3192	1
s3676	1
s5060	1
s2840	1
s81831	1
s1967	1
s115084	1
s82778	1
s4383	1
s138265	1
s105767	1
s3874	1
s114875	1
s121135	1
s81525	1
s3200	1
s2568	1
s2651	1
s82962	1
s81744	1
s81886	1
s4837	1
s125521	3
s140456	1
s1388	1
s83260	1
s105779	1
s121111	1
s4068	1
s105700	1
s105496	1
s114785	1
s129240	1
s120992	1
s120847	1
s3644	1
s3811	1
s1154	1
s83279	1
s3518	1
s140222	1
s3170	1
s82421	1
s455	1
s3088	1
s3373	1
s1866	1
s5430	1
s4344	1
s2524	1
s83020	1
s96478	1
s1477	1
s1773	1
s82332	1
s105541	1
s1741	1
s81512	1
s104844	1
s5292	3
s81948	1
s577	1
s82642	1
s342	1
s2771	1
s4208	1
s5323	1
s81782	1
s2694	1
s4100	1
s140259	1
s115058	1
s1637	1
s140451	1
s82875	1
s120834	1
s114603	1
s1775	1
s81867	1
s1516	1
s5300	3
s1266	1
s114965	1
s134797	1
s82896	1
s3311	1
s4004	1
s140489	1
s81981	1
s87	1
s4374	1
s114972	1
s105497	1
s114605	1
s83199	1
s2848	1
s3634	1
s105429	1
s424	1
s573	1
s359	1
s4652	1
s81716	1
s120929	1
s140466	1
s1362	1
s120872	1
s4566	1
s5363	2
s114694	1
s129157	1
s134640	1
s2630	1
s81627	1
s125613	1
s82293	1
s5416	1
s125570	1
s105151	1
s120911	1
s105711	1
s2215	1
s3462	1
s548	1
s1306	1
s2263	1
s82806	1
s82472	1
s5141	1
s1258	1
s1544	1
s81812	1
s114760	1
s677	1
s115071	1
s5347	1
s4579	1
s82610	1
s82748	1
s1787	1
s3505	1
s140440	1
s104913	1
s2951	1
s3234	1
s2678	1
s81409	1
s2803	1
s105114	1
s129031	1
s120859	1
s81650	1
s4933	1
s4251	1
s134718	1
s4359	1
s104854	1
s82112	1
s105603	1
s1023	1
s4982	1
s2090	1
s120886	1
s4180	1
s121114	1
s120810	1
s114952	1
s105124	1
s104988	1
s694	1
s114901	1
s82200	1
s105146	1
s2799	1
s132048	1
s4534	1
s1536	1
s82027	1
s105440	1
s125585	1
s1256	1
s393	1
s82467	1
s139629	1
s2286	1
s114615	1
s104797	1
s125601	1
s5190	1
s82856	1
s105575	1
s4679	1
s66	1
s4267	1
s121064	1
s3132	1
s761	1
s81482	1
s5390	2
s5413	1
s2255	1
s4559	1
s105272	1
s3351	1
s1814	1
s131877	1
s2446	1
s1048	1
s1626	1
s2181	1
s81431	1
s139628	1
s105014	1
s4633	1
s139609	1
s125399	1
s105138	1
s105067	1
s134653	1
s3376	1
s5035	1
s1548	1
s934	1
s5243	1
s1947	0
s114532	1
s54	1
s782	1
s81546	1
s4831	1
s120948	1
s134712	1
s3761	1
s140239	1
s4356	1
s4497	1
s104910	1
s105007	1
s120844	1
s2878	1
s3019	1
s105752	1
s114642	1
s82	1
s105602	1
s125367	1
s105808	1
s137970	1
s3605	1
s3939	1
s3649	1
s105801	1
s83175	1
s115013	1
s83295	1
s105659	1
s105785	1
s105462	1
s138313	1
s143396	1
s114597	1
s2578	1
s134672	1
s2965	1
s3887	1
s82252	1
s83216	1
s114679	1
s114616	1
s1405	1
s788	1
s2389	1
s1254	1
s114660	1
s132009	1
s129233	1
s4496	1
s4641	1
s5433	1
s138273	1
s129094	1
s968	1
s2133	1
s82215	1
s105195	1
s81565	1
s105027	1
s2479	1
s1640	1
s2328	1
s4105	1
s131966	1
s2393	1
s83007	1
s5057	1
s125539	1
s83103	1
s1704	1
s105019	1
s81634	1
s3758	1
s82071	1
s105187	1
s138225	1
s5038	1
s2744	1
s1341	1
s731	1
s4608	1
s81724	1
s138334	1
s5244	1
s82321	1
s3534	1
s140512	1
s121080	1
s114681	1
s83131	1
s134661	1
s105654	1
s444	1
s82803	1
s1864	1
s140244	1
s121122	1
s5070	1
s82248	1
s81602	1
s4836	1
s105377	1
s81753	1
s5111	1
s81677	1
s120989	1
s105658	1
s121055	1
s3895	1
s2333	1
s132042	1
s878	1
s105091	1
s105260	1
s137951	1
s140405	1
s120790	1
s114677	1
s3916	1
s105104	1
s4525	1
s4570	1
s114589	1
s104937	1
s4458	1
s105247	2
s2466	1
s82971	1
s81703	1
s82554	3
s3754	1
s120932	1
s1486	1
s3012	1
s81367	1
s131880	1
s2261	1
s5196	1
s82786	1
s5408	1
s105667	1
s104863	1
s83156	1
s611	1
s2177	1
s82045	1
s1303	1
s114924	1
s81521	1
s587	1
s3171	1
s203	1
s4833	1
s82477	1
s270	1
s105330	1
s114821	1
s2629	1
s105776	1
s4343	1
s1692	1
s82455	1
s5352	1
s105243	2
s822	1
s105461	1
s4751	1
s120978	1
s1705	1
s82567	3
s81817	1
s3143	1
s81837	1
s105086	1
s4859	1
s1200	1
s81949	1
s129174	1
s81372	1
s1805	1
s1900	1
s2274	1
s4131	1
s81678	1
s105540	1
s83299	1
s143390	1
s2962	1
s120748	1
s4421	1
s2025	1
s138261	1
s3003	1
s2997	1
s5031	1
s105510	1
s3239	1
s82821	1
s4778	1
s5324	1
s125540	1
s1591	1
s105454	1
s4200	1
s83303	1
s105261	1
s471	1
s738	1
s3491	1
s125376	1
s5223	1
s1437	1
s121082	1
s1366	1
s1255	1
s1624	1
s4553	1
s125501	1
s5145	1
s143607	1
s81522	1
s4510	1
s105804	1
s3413	1
s214	1
s5230	1
s105775	1
s134759	1
s3719	1
s137965	3
s105651	1
s1974	1
s3223	1
s1888	1
s3747	1
s140514	1
s120887	1
s129050	1
s105751	1
s2179	1
s82334	1
s129153	1
s785	1
s114909	1
s129235	1
s105180	1
s2283	1
s82915	1
s114721	1
s3053	1
s105266	1
s83116	1
s4609	1
s4084	1
s82308	1
s2478	1
s82646	2
s904	1
s81363	1
s81359	1
s403	1
s2081	1
s125400	1
s4058	1
s3998	1
s62	1
s2072	1
s2291	1
s120803	1
s120782	1
s82987	1
s4045	1
s480	1
s975	1
s105263	1
s138286	1
s1245	1
s131889	1
s4689	1
s3917	1
s363	1
s81472	1
s2789	1
s82663	2
s3983	1
s105230	3
s1660	1
s142	1
s1566	1
s125602	1
s120892	1
s1613	1
s105525	1
s120795	1
s3473	1
s82213	1
s105512	1
s125474	1
s81679	1
s114745	1
s4595	1
s2666	1
s5023	1
s704	1
s105594	1
s131934	1
s645	1
s710	1
s134645	1
s114969	1
s81553	1
s3558	1
s2164	1
s83145	1
s81529	1
s82128	1
s125496	1
s2634	1
s82491	1
s131954	1
s4928	1
s1240	1
s83058	1
s1016	1
s4629	1
s1545	1
s121057	1
s3780	1
s18	1
s121110	1
s4091	1
s908	1
s114609	1
s81929	1
s105369	1
s4905	1
s129098	1
s82903	1
s81828	1
s105689	1
s132000	1
s132060	1
s5362	1
s83108	1
s2732	1
s115087	1
s5271	3
s115004	1
s104792	1
s4479	1
s959	1
s83084	1
s3432	1
s137962	1
s219	1
s1042	1
s82950	1
s5356	1
s138210	1
s82065	1
s1528	1
s114855	1
s132047	1
s134752	1
s105392	1
s140421	1
s1859	1
s114987	1
s114626	1
s4042	1
s4821	1
s2583	1
s82408	1
s1601	1
s2794	1
s132052	1
s81984	1
s3734	1
s3931	1
s105753	1
s105730	1
s4994	1
s1949	0
s120883	1
s134745	1
s82601	3
s751	1
s134689	1
s3181	1
s114525	1
s4113	1
s665	1
s105218	1
s114625	1
s3006	1
s105094	1
s4720	1
s105435	1
s899	1
s82609	1
s3828	1
s115051	1
s105083	1
s83249	1
s114573	1
s125422	1
s125492	1
s105560	1
s1371	1
s134772	1
s120944	1
s651	1
s120760	1
s82121	1
s3332	1
s3217	1
s105742	1
s114943	1
s2710	1
s82679	2
s3960	1
s1352	1
s140517	1
s1505	1
s105605	1
s2892	1
s132030	1
s140540	1
s129162	1
s133	1
s125393	0
s4061	1
s3537	1
s125451	1
s2225	1
s140422	1
s765	1
s2841	1
s114955	1
s140442	1
s4470	1
s105103	1
s114797	1
s1132	1
s138268	1
s125467	1
s105134	1
s1708	1
s82437	1
s2652	1
s3974	1
s3583	1
s82515	1
s82792	1
s81847	1
s82091	1
s3595	1
s4825	1
s104947	1
s326	1
s5056	1
s83080	1
s131970	1
s4266	1
s2482	1
s140	1
s5026	1
s1343	1
s1029	1
s2386	1
s1182	1
s134639	1
s4076	1
s1655	1
s190	1
s81723	1
s3038	1
s4958	1
s114844	1
s83227	1
s47	1
s1638	1
s1687	1
s120801	1
s173	1
s4033	1
s4780	1
s129207	2
s82229	1
s141	1
s4064	1
s82289	1
s139633	1
s3596	1
s140502	1
s131895	1
s485	1
s104853	1
s1647	1
s4028	1
s105483	1
s3905	1
s3658	1
s132062	1
s1686	1
s131932	1
s2833	1
s660	1
s82116	1
s991	1
s81988	1
s2718	1
s82907	1
s114768	1
s4763	1
s83004	1
s1173	1
s4697	1
s5093	1
s2627	1
s105792	1
s896	1
s357	1
s105702	1
s2550	1
s12	1
s105408	1
s5010	1
s1594	1
s3083	1
s3397	1
s5116	1
s1027	1
s2751	1
s4163	1
s121178	1
s105635	1
s1440	1
s3219	1
s4603	1
s600	1
s348	1
s442	1
s4657	1
s884	1
s82090	1
s1867	1
s114759	1
s114857	1
s262	1
s138341	1
s4074	1
s115020	1
s1661	1
s1242	1
s105626	1
s1829	1
s1404	1
s82572	3
s5097	1
s140529	1
s121193	1
s86	1
s545	1
s3422	1
s3208	1
s4574	1
s4071	1
s4749	1
s120772	1
s718	1
s134747	1
s125398	1
s82002	1
s5266	3
s1876	1
s114811	1
s340	1
s140243	1
s82765	1
s1665	1
s5201	1
s105630	1
s105475	1
s4119	1
s760	1
s2416	1
s83293	1
s2472	1
s5261	1
s83041	1
s5355	1
s129005	1
s2952	1
s1249	1
s5155	1
s81926	1
s3994	1
s81538	1
s105669	1
s4489	1
s745	1
s5397	1
s25	1
s1841	1
s81966	1
s4366	1
s138311	1
s4268	1
s131887	1
s129028	1
s511	1
s81579	1
s82191	1
s2367	1
s105506	1
s129018	1
s82268	1
s105390	1
s2699	1
s789	1
s3222	1
s3228	1
s4604	1
s81513	1
s143367	1
s120876	1
s104857	1
s4587	1
s3391	1
s125482	1
s114704	1
s120954	1
s3303	1
s2871	1
s1717	1
s82545	3
s836	1
s4735	1
s115088	1
s82972	1
s510	1
s104828	1
s105045	1
s2510	1
s125528	2
s1346	1
s187	1
s2582	1
s82542	1
s508	1
s114894	1
s83112	1
s4685	1
s1868	1
s105527	1
s115011	1
s104903	1
s1365	1
s2935	1
s134728	1
s83151	1
s5076	1
s1389	1
s82825	1
s132065	1
s82639	1
s120952	1
s4539	1
s1769	1
s82600	3
s114918	1
s82490	1
s619	1
s3670	1
s81958	1
s132008	1
s4885	1
s2778	1
s5396	2
s129085	1
s114802	1
s82016	1
s3677	1
s3862	1
s131982	1
s114628	1
s5309	1
s2957	1
s453	1
s129132	1
s81365	1
s114874	1
s82347	1
s140245	1
s125410	1
s3914	1
s1778	1
s104943	1
s82291	1
s418	1
s823	1
s83304	1
s121029	1
s114845	1
s1852	1
s131893	1
s138349	1
s134795	1
s3381	1
s2458	1
s1084	1
s82400	1
s1450	1
s125595	1
s2104	1
s114546	1
s128994	1
s137940	1
s104921	1
s140526	1
s81820	1
s2995	1
s125565	1
s1293	1
s82253	1
s120856	1
s3259	1
s5280	3
s1046	1
s2607	1
s105383	1
s1218	1
s4311	1
s105439	1
s114850	1
s216	1
s2818	1
s716	1
s140464	1
s114888	1
s4279	1
s4309	1
s83341	1
s1054	1
s2908	1
s2647	1
s105337	1
s105244	2
s4202	1
s105018	1
s2911	1
s3843	1
s951	1
s2659	1
s1530	1
s81590	1
s4312	1
s114536	1
s121117	1
s2831	1
s138220	1
s2801	1
s2528	1
s3636	1
s105098	1
s115097	1
s837	1
s2770	1
s3254	1
s140504	1
s129133	1
s129195	3
s81917	1
s105670	1
s129039	1
s140423	1
s725	1
s83039	1
s2912	1
s105740	1
s125593	1
s3732	1
s3401	1
s125446	1
s4533	1
s105694	1
s129228	1
s4781	1
s105623	1
s3122	1
s140213	1
s1615	1
s120770	1
s132024	1
s1461	1
s2067	1
s2752	1
s83315	1
s82564	3
s2929	1
s137936	1
s81638	1
s105023	1
s105643	1
s3333	1
s105295	1
s3327	1
s134678	1
s82236	1
s138240	1
s81615	1
s1936	0
s81676	1
s83072	1
s81680	1
s81559	1
s1076	1
s105655	1
s140446	1
s3970	1
s129045	1
s82670	2
s82044	1
s121102	1
s4963	1
s3047	1
s105184	1
s105172	1
s104822	1
s106	1
s2148	1
s4205	1
s1397	1
s105205	1
s134751	1
s1272	1
s105511	1
s82775	1
s125583	1
s1524	1
s125435	1
s999	1
s82413	1
s5078	1
s114767	1
s81711	1
s82285	1
s134715	1
s1797	1
s140237	1
s143356	1
s63	1
s3704	1
s82575	3
s2163	1
s4765	1
s114920	1
s81416	1
s82174	1
s2388	1
s105535	1
s129056	1
s81364	1
s140284	1
s114778	1
s3343	1
s2229	1
s3312	1
s3859	1
s105215	1
s120896	1
s120921	1
s2500	1
s105678	1
s105428	1
s132056	1
s105317	1
s4545	1
s820	1
s82106	1
s131943	1
s134742	1
s138271	1
s3980	1
s105739	1
s2676	1
s105345	1
s581	1
s138298	1
s104944	1
s81843	1
s125479	1
s81999	1
s4172	1
s140518	1
s140407	1
s1268	1
s4453	1
s83114	1
s3999	1
s105676	1
s3933	1
s3535	1
s104978	1
s105743	1
s2996	1
s1822	1
s2846	1
s140257	1
s4776	1
s863	1
s114999	1
s143328	1
s83274	1
s134	1
s81392	1
s1438	1
s4059	1
s5033	1
s132017	1
s104866	1
s3694	1
s1711	1
s82652	2
s3263	1
s4476	1
s129163	1
s3678	1
s1664	1
s120824	1
s82656	2
s3521	1
s132	1
s114538	1
s5219	1
s114555	1
s140269	1
s517	1
s3411	1
s125459	1
s1439	1
s83073	1
s114551	1
s83297	1
s802	1
s4858	1
s3356	1
s3118	1
s2872	1
s4082	1
s4936	1
s5151	1
s134616	1
s82592	3
s3513	1
s624	1
s140261	1
s132068	1
s82817	1
s125588	1
s249	1
s125411	1
s2438	1
s81976	1
s83011	1
s2642	1
s120849	1
s129194	3
s83014	1
s105507	1
s105677	1
s81383	1
s83008	1
s1798	1
s4414	1
s4054	1
s90	1
s2420	1
s83029	1
s4998	1
s114614	1
s375	1
s3838	1
s105404	1
s567	1
s82223	1
s81956	1
s4902	1
s121062	1
s81755	1
s81441	1
s134655	1
s2816	1
s1522	1
s4387	1
s81594	1
s3400	1
s134675	1
s3242	1
s2353	1
s3796	1
s1515	1
s83104	1
s2519	1
s129229	1
s4363	1
s129192	3
s134716	1
s4585	1
s1340	1
s513	1
s121044	1
s129141	1
s131948	1
s114747	1
s132084	1
s2285	1
s105326	1
s82458	1
s138290	1
s138321	1
s137928	1
s5293	3
s82343	1
s129165	1
s1676	1
s83101	1
s5389	2
s3087	1
s82629	1
s5333	1
s4783	1
s81743	1
s489	1
s83107	1
s114870	1
s380	1
s81718	1
s82518	1
s4035	1
s114814	1
s4732	1
s1712	1
s1719	1
s742	1
s82333	1
s81509	1
s114758	1
s2521	1
s3910	1
s1992	1
s735	1
s134617	1
s120796	1
s129206	2
s3614	1
s131939	1
s5431	1
s829	1
s491	1
s105583	1
s105421	1
s1677	1
s167	1
s105385	1
s105788	1
s83140	1
s81537	1
s104811	1
s131910	1
s4841	1
s82521	1
s5086	1
s2620	1
s1572	1
s125457	1
s4654	1
s3896	1
s2918	1
s114988	1
s1357	1
s5367	2
s82923	1
s120923	1
s104816	1
s911	1
s82539	1
s1597	1
s5353	1
s131894	1
s105237	1
s140437	1
s140507	1
s125460	1
s121166	1
s83125	1
s105254	1
s1092	1
s125454	1
s129148	1
s1330	1
s3206	1
s1735	1
s5175	1
s777	1
s2248	1
s759	1
s81959	1
s114741	1
s459	1
s129000	1
s140445	1
s2839	1
s2685	1
s2262	1
s4511	1
s140224	1
s125485	1
s5358	1
s125531	2
s3289	1
s2342	1
s104977	1
s81414	1
s81892	1
s114916	1
s81861	1
s3435	1
s3018	1
s4772	1
s4750	1
s129040	1
s81671	1
s3434	1
s143345	1
s81823	1
s2039	1
s2137	1
s1	1
s1413	1
s4843	1
s2564	1
s3713	1
s104873	1
s82931	1
s81992	1
s114651	1
s114927	1
s3797	1
s138274	1
s131927	1
s134615	1
s554	1
s1603	1
s81889	1
s131924	1
s82227	1
s2360	1
s81761	1
s848	1
s4269	1
s82648	2
s3476	1
s134791	1
s114540	1
s81417	1
s1850	1
s3664	1
s137960	1
s120862	1
s2886	1
s82789	1
s4847	1
s122	1
s3001	1
s3774	1
s1668	1
s125353	1
s114723	1
s120937	1
s143344	1
s3899	1
s82344	1
s82165	1
s81860	1
s128995	1
s1233	1
s121143	1
s3826	1
s121039	1
s81760	1
s105493	1
s83173	1
s121087	1
s105204	1
s825	1
s82858	1
s137949	1
s96482	1
s105522	1
s143394	1
s3951	1
s114668	1
s3710	1
s83032	1
s3108	1
s3822	1
s1531	1
s140500	1
s138338	1
s120977	1
s134746	1
s5004	1
s1423	1
s2829	1
s5112	1
s876	1
s324	1
s426	1
s5385	2
s114840	1
s2690	1
s2767	1
s83099	1
s125497	1
s314	1
s140505	1
s1912	0
s5206	1
s129097	1
s121003	1
s4989	1
s1817	1
s140418	1
s2509	1
s27	1
s1051	1
s3172	1
s4921	1
s132049	1
s82508	1
s129143	1
s4460	1
s143401	1
s104938	1
s121049	1
s105687	1
s129099	1
s104960	1
s995	1
s105115	1
s2613	1
s83146	1
s3297	1
s944	1
s2522	1
s3320	1
s120784	1
s1595	1
s82245	1
s138317	1
s1845	1
s138254	1
s114990	1
s143335	1
s81555	1
s1141	1
s114876	1
s125551	1
s3377	1
s1396	1
s120961	1
s138247	1
s83129	1
s2902	1
s105353	1
s140219	1
s104912	1
s104979	1
s82614	1
s129200	3
s138212	1
s3851	1
s4671	1
s4333	1
s1331	1
s82733	1
s114819	1
s125463	1
s132020	1
s82673	2
s143350	1
s105562	1
s134698	2
s114851	1
s125574	1
s3257	1
s83261	1
s82657	2
s121047	1
s4719	1
s2560	1
s382	1
s2780	1
s105695	1
s129086	1
s5094	1
s105504	1
s816	1
s2787	1
s120837	1
s20	1
s4099	1
s82037	1
s5386	2
s81810	1
s4537	1
s2480	1
s4567	1
s140499	1
s870	1
s134684	1
s114519	1
s3425	1
s105249	1
s83195	1
s2091	1
s140462	1
s125576	1
s3577	1
s125625	1
s3286	1
s2604	1
s644	1
s736	1
s4728	1
s82447	1
s82368	1
s427	1
s139	1
s81941	1
s4340	1
s104890	1
s3075	1
s1481	1
s81491	1
s81931	1
s3111	1
s81470	1
s105786	1
s1727	1
s1470	1
s708	1
s597	1
s774	1
s1355	1
s5395	1
s1467	1
s115000	1
s105160	1
s81404	1
s114979	1
s3697	1
s1088	1
s3530	1
s115030	1
s125600	1
s105302	1
s1433	1
s3052	1
s81390	1
s129169	1
s1512	1
s5335	1
s82716	1
s131890	0
s1473	1
s132014	1
s3745	1
s114933	1
s81405	1
s2730	1
s1722	1
s105375	1
s114835	1
s104959	1
s82251	1
s82208	1
s3911	1
s2305	1
s3317	1
s82704	1
s4761	1
s4786	1
s129069	0
s3284	1
s82846	1
s4419	1
s3568	1
s105674	1
s4550	1
s81696	0
s2845	1
s3873	1
s105078	1
s120998	1
s754	1
s373	1
s2066	1
s293	1
s120870	1
s82358	1
s3833	1
s129175	1
s121131	1
s121021	1
s82317	1
s140501	1
s82239	1
s807	1
s349	1
s595	1
s82913	1
s3893	1
s3648	1
s3870	1
s82309	1
s105491	1
s82882	1
s82620	1
s134771	1
s1178	1
s3262	1
s129079	1
s4972	1
s4409	1
s105044	1
s83052	1
s4335	1
s138219	1
s82473	1
s5239	1
s3030	1
s3216	1
s114733	1
s129036	1
s1215	1
s114521	1
s131916	1
s3056	1
s105099	1
s937	1
s1377	1
s3689	1
s3807	1
s105645	1
s81501	1
s125404	1
s140215	1
s628	1
s844	1
s132045	1
s105427	1
s3265	1
s5174	1
s83022	1
s105810	1
s2496	1
s120813	1
s5350	1
s2739	1
s83309	1
s692	1
s83055	1
s1091	1
s5096	1
s5084	1
s1622	1
s82622	1
s5366	2
s4799	1
s1918	0
s104962	1
s5182	1
s82924	1
s114534	1
s2639	1
s2825	1
s105526	1
s4379	1
s115001	1
s104839	1
s4190	1
s413	1
s114564	1
s105516	1
s137987	1
s2358	1
s125523	3
s114753	1
s134647	1
s139626	1
s83016	1
s121119	1
s1363	1
s2947	1
s81381	1
s82933	1
s407	1
s114508	1
s104826	1
s81444	1
s114583	1
s105608	1
s134729	1
s649	1
s82944	1
s82394	1
s114937	1
s4384	1
s3310	1
s642	1
s1720	1
s120901	2
s5357	1
s1219	1
s114670	1
s1320	1
s5279	3
s801	1
s1534	1
s4111	1
s82138	1
s131972	1
s81905	1
s304	1
s83314	1
s82937	1
s114561	1
s3863	1
s82699	1
s138217	1
s2205	1
s4971	1
s132011	1
s1580	1
s1784	1
s120751	1
s93	1
s81575	1
s269	1
s82149	1
s120800	1
s120780	1
s82590	3
s3714	1
s140533	1
s1652	1
s250	1
s125418	1
s2777	1
s2949	1
s83228	1
s4260	1
s1682	1
s610	1
s105283	1
s134624	1
s125614	1
s82297	1
s3624	1
s82804	1
s105686	1
s115008	1
s366	1
s81763	1
s140443	1
s134701	1
s1382	1
s1957	1
s140508	1
s4242	1
s1203	1
s3517	1
s129021	1
s1082	1
s4787	1
s114852	1
s81821	1
s138331	1
s140461	1
s4662	1
s115016	1
s125408	1
s2562	1
s3928	1
s463	1
s838	1
s3512	1
s82640	1
s83256	1
s3667	1
s114881	1
s4575	1
s105477	1
s125580	1
s4803	1
s82989	1
s125444	1
s5133	1
s1963	1
s81845	1
s125519	1
s82134	1
s134739	1
s1657	1
s492	1
s82811	1
s3503	1
s82038	1
s120890	1
s3306	1
s82814	1
s3	1
s81788	1
s81877	1
s83153	1
s4494	1
s81869	1
s560	1
s81769	1
s131965	1
s81543	1
s140480	1
s120906	1
s2516	1
s114587	1
s5328	1
s3972	1
s3255	1
s3089	1
s81452	1
s105452	1
s2460	1
s3180	1
s80	1
s4093	1
s2696	1
s5432	1
s82557	3
s82296	1
s105248	2
s81657	1
s83038	1
s134727	1
s3750	1
s4375	1
s2016	1
s1659	1
s129134	1
s533	1
s2354	1
s104933	1
s5054	1
s4221	1
s125432	1
s125439	1
s902	1
s121154	1
s3578	1
s1339	1
s857	1
s114559	1
s125480	1
s1150	1
s138330	1
s134687	1
s115082	1
s344	1
s105476	1
s3541	1
s81919	1
s82499	1
s3081	1
s3810	1
s105152	1
s105551	1
s114808	1
s82030	1
s104800	1
s82509	1
s120778	1
s138243	1
s81969	1
s134787	1
s83017	1
s5272	3
s83188	1
s134656	1
s82553	3
s104995	1
s140492	1
s5148	1
s2380	1
s131975	2
s695	1
s189	1
s81473	1
s83127	1
s4718	1
s125490	1
s82647	2
s3877	1
s115029	1
s104806	1
s104838	1
s105543	1
s131984	1
s105280	1
s105798	1
s3709	1
s82711	1
s4946	1
s134683	1
s4294	1
s4351	1
s82905	1
s1759	1
s2009	1
s104852	1
s138281	1
s3500	1
s3936	1
s134814	1
s131957	1
s82145	1
s143376	1
s83193	1
s114742	1
s4808	1
s82991	1
s2538	1
s3010	1
s140460	1
s2913	1
s227	1
s81737	1
s129105	1
s105219	1
s4094	1
s1314	1
s1209	1
s574	1
s104813	1
s1393	1
s2238	1
s3675	1
s1725	1
s132027	1
s1511	1
s361	1
s202	1
s82853	1
s446	1
s1190	1
s958	1
s2043	1
s1721	1
s3427	1
s81734	1
s2625	1
s129142	1
s120867	1
s105051	1
s105318	1
s140463	1
s134644	1
s3064	1
s3460	1
s81641	1
s105806	1
s384	1
s83048	1
s2312	1
s105407	1
s1983	1
s105706	1
s5270	3
s4512	1
s82451	1
s82688	1
s2182	1
s131981	1
s81542	1
s120931	1
s3043	1
s82638	1
s421	1
s4602	1
s3035	1
s3751	1
s1846	1
s105802	1
s105417	1
s132005	1
s105231	3
s3612	1
s83248	1
s4430	1
s105274	1
s125525	3
s105306	1
s104840	1
s1057	1
s2819	1
s83308	1
s1630	1
s114590	1
s3683	1
s119	1
s4838	1
s81462	1
s121020	1
s81708	1
s4548	1
s81904	1
s82860	1
s121098	1
s83343	1
s1055	1
s683	1
s83093	1
s129012	1
s105581	1
s138328	1
s3240	1
s82113	1
s3062	1
s2075	1
s2597	1
s1748	1
s2028	1
s2494	1
s1156	1
s4467	1
s4478	1
s121179	1
s138293	1
s5049	1
s247	1
s717	1
s105342	1
s81975	1
s105368	1
s1614	1
s121112	1
s4527	1
s114770	3
s1754	1
s134695	1
s81585	1
s4367	1
s4542	1
s81400	1
s82432	1
s105201	1
s114911	1
s137976	1
s120741	1
s91	1
s134781	1
s105214	1
s2865	1
s4023	1
s129243	1
s83164	1
s82703	1
s129113	1
s3608	1
s396	1
s1542	1
s82596	3
s140450	1
s153	1
s114736	1
s114612	1
s1292	1
s1270	1
s3179	1
s131961	1
s105181	1
s242	1
s2139	1
s2943	1
s4434	1
s3571	1
s3036	1
s131925	1
s83271	1
s114629	1
s129222	1
s82831	1
s104868	1
s129220	1
s105325	1
s3949	1
s105068	1
s3891	1
s104895	0
s83147	1
s1944	0
s129020	1
s125552	1
s2431	1
s1848	1
s138215	1
s140494	1
s834	1
s604	1
s129242	1
s3804	1
s82731	1
s4500	1
s443	1
s83161	1
s3066	1
s134811	1
s3569	1
s4741	1
s120974	1
s105239	1
s125530	2
s49	1
s81826	1
s81534	1
s599	1
s3464	1
s83270	1
s121164	1
s1069	1
s82813	1
s120864	1
s125495	1
s114523	1
s3095	1
s229	1
s114812	1
s140404	1
s1206	1
s82005	1
s114515	1
s257	1
s82619	1
s125386	1
s105693	1
s105764	1
s853	1
s4016	1
s129138	1
s2504	1
s877	1
s2159	1
s82099	1
s4276	1
s647	1
s83110	1
s303	1
s105558	1
s131900	1
s3975	1
s120753	1
s2623	1
s1490	1
s131921	1
s3878	1
s918	1
s4044	1
s105415	1
s125478	1
s114951	1
s82376	1
s82247	1
s4212	1
s82392	1
s81518	1
s81789	1
s4243	1
s1906	1
s2628	1
s3128	1
s4247	1
s905	1
s132034	1
s4493	1
s81857	1
s81587	1
s3247	1
s3468	1
s114858	1
s140217	1
s82911	1
s1763	1
s3307	1
s105200	1
s1080	1
s81717	1
s120979	1
s81484	1
s2107	1
s105542	1
s3824	1
s971	1
s83207	1
s105663	1
s114593	1
s120804	1
s3037	1
s2122	1
s4436	1
s543	1
s2853	1
s28	1
s82774	1
s3355	1
s83	1
s3157	1
s98	1
s83064	1
s4829	1
s81683	0
s4445	1
s4141	1
s131937	1
s105494	1
s4540	1
s4969	1
s82088	1
s1107	1
s4258	1
s134724	1
s81648	1
s260	1
s2326	1
s114915	1
s82029	1
s114798	1
s114512	1
s2804	1
s81955	1
s139632	1
s129219	1
s2683	1
s82754	1
s4774	1
s104864	1
s120987	1
s115036	1
s2366	1
s82990	1
s81528	1
s2212	1
s2858	1
s5409	1
s143421	1
s115006	1
s82459	1
s700	1
s2381	1
s1670	1
s2715	1
s5100	1
s81850	1
s83241	1
s81610	1
s299	1
s129080	1
s1390	1
s2001	1
s4411	1
s477	1
s5381	2
s5365	2
s105710	1
s5045	1
s83298	1
s2681	1
s4187	1
s2093	1
s81787	1
s3130	1
s236	1
s120816	1
s2747	1
s2755	1
s2882	1
s82028	1
s4278	1
s843	1
s684	1
s4454	1
s120924	1
s143348	1
s747	1
s104915	1
s125522	3
s3907	1
s138259	1
s1449	1
s555	1
s105515	1
s82337	1
s241	1
s3965	1
s3808	1
s3045	1
s134789	1
s140524	1
s121088	1
s1950	0
s104930	1
s81566	1
s1500	1
s134650	1
s3699	1
s82089	1
s104836	1
s138272	1
s114524	1
s105141	1
s105381	1
s3313	1
s82171	1
s3457	1
s4703	1
s61	1
s172	1
s104843	1
s82122	1
s1026	1
s4103	1
s1013	1
s3244	1
s81811	1
s1228	1
s120854	1
s2408	1
s104817	1
s832	1
s105164	1
s82732	1
s82759	1
s143378	1
s615	1
s351	1
s1830	1
s2697	1
s134738	1
s143343	1
s1537	1
s3293	1
s120871	1
s2209	1
s200	1
s83067	1
s114631	1
s114659	1
s105128	1
s2584	1
s1675	1
s2716	1
s82269	1
s3669	1
s4903	1
s81625	1
s125545	1
s1838	1
s2167	1
s138204	1
s81652	1
s134628	1
s81428	1
s83192	1
s1060	1
s3155	1
s5339	1
s3190	1
s2875	1
s138255	1
s143393	1
s5226	1
s2011	1
s82470	1
s105149	1
s143371	1
s1220	1
s125379	1
s82994	1
s4018	1
s2709	1
s82838	1
s4766	1
s55	1
s5176	1
s81567	1
s1877	1
s105664	1
s1216	1
s4295	1
s4713	1
s82166	1
s134706	1
s755	1
s82275	1
s105313	1
s105432	1
s1507	1
s81496	1
s675	1
s1073	1
s4000	1
s4580	1
s138325	1
s81806	1
s114779	1
s129025	1
s3642	1
s125487	1
s114923	1
s83316	1
s4596	1
s3566	1
s386	1
s129037	1
s2807	1
s105460	1
s3020	1
s83137	1
s81974	1
s137972	1
s82435	1
s1234	1
s1588	1
s140221	1
s4835	1
s115070	1
s4848	1
s1776	1
s2662	1
s81461	1
s105656	1
s83013	1
s38	1
s82529	1
s1513	1
s114548	1
s607	1
s530	1
s121160	1
s82380	1
s114777	3
s4038	1
s2498	1
s81777	1
s13	1
s120909	1
s81351	1
s129180	1
s125547	1
s114856	1
s83292	1
s140410	1
s114709	1
s81779	1
s83070	1
s82787	1
s105073	1
s5046	1
s3107	1
s210	1
s120881	1
s1261	1
s105359	1
s5242	1
s143339	1
s461	1
s104832	1
s1244	1
s4530	1
s83313	1
s2411	1
s81357	1
s138333	1
s2765	1
s137943	1
s105745	1
s83082	1
s81897	1
s2987	1
s3151	1
s3631	1
s120910	1
s142611	1
s81813	1
s5246	1
s82478	1
s118	1
s114641	1
s82920	1
s3858	1
s2407	1
s134808	1
s2797	1
s140250	1
s2574	1
s1674	1
s82665	2
s1698	1
s81503	1
s4568	1
s82486	1
s140230	1
s4067	1
s131944	1
s82750	1
s724	1
s2426	1
s105467	1
s131909	1
s1291	1
s356	1
s139618	1
s3341	1
s5414	1
s3302	1
s81665	1
s82919	1
s3706	1
s105715	1
s120835	1
s129041	1
s2233	1
s82410	1
s3379	1
s4032	1
s114932	1
s2904	1
s82431	1
s81356	1
s104898	0
s2745	1
s105598	1
s301	1
s4281	1
s2790	1
s1562	1
s360	1
s114572	1
s82049	1
s2344	1
s82623	1
s140469	1
s3628	1
s81622	1
s4644	1
s570	1
s4911	1
s3725	1
s1984	1
s82845	1
s668	1
s104992	1
s4869	1
s82634	1
s3813	1
s2726	1
s120939	1
s793	1
s140430	1
s1121	1
s1666	1
s1746	1
s2029	1
s4482	1
s114636	1
s5213	1
s4572	1
s83258	1
s1985	1
s5014	1
s1128	1
s82762	1
s2041	1
s1914	0
s2608	1
s1958	0
s138310	1
s105310	1
s3835	1
s1410	1
s872	1
s81819	1
s105001	1
s104891	1
s104993	1
s82081	1
s4974	1
s1695	1
s104970	1
s1840	1
s864	1
s468	1
s82705	1
s81562	1
s134654	1
s3404	1
s121069	1
s105155	1
s5295	3
s441	1
s125433	1
s192	1
s4876	1
s5032	1
s4620	1
s82303	1
s4639	1
s82288	1
s4233	1
s104951	1
s2600	1
s82222	1
s115053	1
s137939	1
s1122	1
s105474	1
s82389	1
s105026	1
s3198	1
s2346	1
s115037	1
s3946	1
s2992	1
s988	1
s869	1
s2830	1
s1806	1
s387	1
s2523	1
s129095	1
s2156	1
s669	1
s3027	1
s3145	1
s105548	1
s5150	1
s114934	1
s389	1
s1800	1
s105296	1
s5127	1
s113	1
s4918	1
s2435	1
s3393	1
s105049	1
s1114	1
s5428	1
s81668	1
s4066	1
s3336	1
s82793	1
s4861	1
s81776	1
s4882	1
s81901	1
s1953	0
s114900	1
s81426	1
s2071	1
s1455	1
s3049	1
s4801	1
s4642	1
s82007	1
s81598	1
s1832	1
s3602	1
s3668	1
s3801	1
s845	1
s4159	1
s82379	1
s83179	1
s125572	1
s82936	1
s3904	1
s129156	1
s125538	1
s1465	1
s547	1
s125348	1
s3365	1
s82388	1
s3308	1
s121188	1
s2714	1
s3760	1
s120908	1
s3440	1
s5240	1
s120986	1
s4327	1
s121155	1
s83096	1
s916	1
s2863	1
s125382	1
s1133	1
s5336	1
s15	1
s114824	1
s114825	1
s105357	1
s3140	1
s3872	1
s2618	1
s919	1
s125546	1
s1643	1
s81770	1
s4931	1
s83094	1
s131915	1
s3533	1
s82625	1
s121124	1
s3633	1
s82969	1
s3682	1
s81989	1
s5064	1
s115044	1
s1345	1
s3016	1
s134780	1
s3202	1
s105089	1
s4792	1
s82378	1
s2113	1
s129231	1
s5159	1
s114680	1
s81994	1
s115091	1
s105570	1
s115043	1
s3406	1
s129176	1
s105352	1
s82685	1
s3565	1
s143411	1
s4840	1
s3226	1
s3100	1
s2591	1
s3632	1
s105024	1
s3742	1
s4503	1
s120953	1
s2348	1
s2970	1
s125345	1
s114610	1
s4930	1
s1808	1
s680	1
s132021	1
s2978	1
s140276	1
s134799	1
s2606	1
s104973	1
s5020	1
s2442	1
s3871	1
s994	1
s115085	1
s4531	1
s138307	1
s4947	1
s125511	1
s2748	1
s114885	1
s82621	1
s83065	1
s105568	1
s139624	1
s81710	1
s4488	1
s82852	1
s2937	1
s5069	1
s134784	1
s849	1
s131969	1
s3531	1
s4017	1
s83010	1
s1028	1
s81706	1
s82783	1
s1827	1
s4373	1
s136	1
s1307	1
s115049	1
s114604	1
s129051	1
s5337	1
s2471	1
s3369	1
s1313	1
s81457	1
s104934	1
s114600	1
s1175	1
s114898	1
s82259	1
s23	1
s81502	1
s115010	1
s81768	1
s120752	1
s138235	1
s5101	1
s4794	1
s3199	1
s4666	1
s2994	1
s129181	1
s483	1
s140424	1
s2307	1
s2827	1
s82548	3
s143418	1
s1039	1
s1919	0
s82475	1
s3325	1
s1247	1
s138208	1
s4087	1
s3716	1
s4920	1
s2295	1
s82771	1
s105484	1
s121161	1
s139621	1
s120963	1
s2033	1
s2486	1
s105714	1
s2451	1
s134642	1
s125455	1
s5375	2
s2422	1
s2587	1
s81713	1
s137986	1
s82404	1
s137966	3
s82714	1
s932	1
s2736	1
s139649	1
s125427	1
s5104	1
s81944	1
s281	1
s4166	1
s985	1
s105301	1
s140527	1
s2695	1
s2300	1
s105644	1
s138347	1
s165	1
s1253	1
s1785	1
s82418	1
s5200	1
s104957	1
s1701	1
s5215	1
s82691	1
s121133	1
s2427	1
s105136	1
s37	1
s1064	1
s105707	1
s81389	1
s4556	1
s1658	1
s5185	1
s82706	1
s105394	1
s125380	1
s82517	1
s1966	1
s3421	1
s110	1
s82866	1
s125605	1
s105447	1
s105356	1
s4443	1
s121053	1
s1696	1
s114533	1
s82357	1
s81851	1
s114866	1
s82678	2
s81600	1
s1198	1
s139610	1
s1487	1
s3028	1
s115081	1
s4793	1
s341	1
s129209	1
s129179	1
s83247	1
s82118	1
s467	1
s1901	1
s3494	1
s505	1
s2556	1
s1709	1
s120957	1
s139616	1
s2157	1
s294	1
s388	1
s83215	1
s125623	1
s2532	1
s4547	1
s2129	1
s140416	1
s5411	1
s132063	1
s81464	1
s82424	1
s140511	1
s1839	1
s82978	1
s4273	1
s4274	1
s105193	1
s4942	1
s114755	1
s104849	1
s2489	1
s3789	1
s4072	1
s1086	1
s369	1
s4198	1
s4625	1
s83290	1
s83225	1
s4262	1
s1096	1
s105350	1
s81597	1
s115033	1
s81986	1
s3548	1
s83186	1
s120927	1
s1491	1
s83159	1
s4565	1
s105370	1
s121060	1
s129205	2
s114865	1
s81903	1
s140258	1
s1059	1
s2053	1
s3040	1
s1688	1
s3396	1
s286	1
s114792	2
s120904	1
s1008	1
s265	1
s139641	1
s743	1
s125477	1
s140484	1
s2492	1
s729	1
s3387	1
s1005	1
s81532	1
s2594	1
s1570	1
s120960	1
s105070	1
s120973	1
s1169	1
s162	1
s3159	1
s3044	1
s82209	1
s82580	3
s105105	1
s1650	1
s527	1
s105388	1
s4818	1
s121004	1
s104869	1
s125441	1
s105111	1
s81445	1
s83185	1
s81494	1
s2357	1
s129112	1
s4118	1
s82680	2
s104952	1
s5318	1
s484	1
s125371	1
s105573	1
s1426	1
s4599	1
s134637	1
s81524	1
s82583	3
s115074	1
s4610	1
s2491	1
s2125	1
s1302	1
s81387	1
s4951	1
s1819	1
s129091	1
s81871	1
s82686	1
s3522	1
s1047	1
s120785	1
s96481	1
s125437	1
s5042	1
s2711	1
s2110	1
s81946	1
s82523	1
s105182	1
s82148	1
s81539	1
s346	1
s1910	1
s2903	1
s134792	1
s134668	1
s105203	1
s81840	1
s82764	1
s81402	1
s3912	1
s1369	1
s105372	1
s1162	1
s82387	1
s2922	1
s114520	1
s2636	1
s81836	1
s2703	1
s5315	1
s81397	1
s83283	1
s1322	1
s105100	1
s121100	1
s913	1
s82719	1
s105315	1
s1214	1
s1699	1
s2184	1
s2372	1
s4227	1
s82211	1
s2612	1
s121061	1
s2931	1
s2319	1
s2850	1
s3207	1
s283	1
s4854	1
s140449	1
s1033	1
s138316	1
s1375	1
s114954	1
s1312	1
s81479	1
s81601	1
s3959	1
s131949	1
s522	1
s1471	1
s131923	1
s3443	1
s5146	1
s981	1
s82426	1
s129187	1
s83253	1
s3238	1
s81616	1
s892	1
s128999	1
s4927	1
s142610	1
s3485	1
s394	1
s2404	1
s2363	1
s3795	1
s114939	1
s81361	1
s3937	1
s4204	1
s105691	1
s4957	1
s183	1
s83139	1
s82214	1
s115072	1
s81715	1
s3167	1
s1891	1
s5308	1
s82692	1
s82181	1
s105343	1
s82922	1
s3819	1
s5302	3
s140248	1
s82341	1
s3220	1
s5202	1
s3015	1
s4944	1
s4302	1
s129106	1
s4186	1
s171	1
s104914	1
s1694	1
s2933	1
s129101	1
s4736	1
s125564	1
s81830	1
s3572	1
s4300	1
s82977	1
s81916	1
s4133	1
s82041	1
s3623	1
s100	1
s81411	1
s1499	1
s4871	1
s82377	1
s2611	1
s1823	1
s120893	1
s201	1
s2056	1
s3555	1
s3908	1
s917	1
s4613	1
s1019	1
s2488	1
s4492	1
s2974	1
s121196	1
s973	1
s120971	1
s115083	1
s137975	1
s3466	1
s120874	1
s105047	1
s2814	1
s81469	1
s82898	1
s83181	1
s4696	1
s5205	1
s4884	1
s960	1
s1062	1
s2459	1
s4521	1
s125578	1
s105549	1
s114596	1
s134758	1
s105771	1
s82820	1
s82220	1
s81498	1
s3615	1
s115086	1
s105327	1
s121121	1
s82445	1
s2883	1
s83062	1
s1164	1
s2324	1
s104887	1
s3163	1
s83275	1
s1915	0
s4507	1
s1518	1
s82008	1
s105671	1
s88	1
s804	1
s2474	1
s104814	1
s1724	1
s132082	1
s83045	1
s125425	1
s3655	1
s82485	1
s4950	1
s2844	1
s3834	1
s4308	1
s82442	1
s114673	1
s132028	1
s773	1
s139614	1
s121150	1
s3281	1
s313	1
s328	1
s129047	1
s2667	1
s81604	1
s4299	1
s2040	1
s1532	1
s963	1
s4298	1
s2418	1
s3883	1
s2325	1
s105329	1
s4468	1
s105300	1
s83165	1
s81429	1
s83282	1
s4506	1
s134710	1
s82395	1
s143351	1
s5040	1
s2402	1
s311	1
s230	1
s82454	1
s82479	1
s81740	1
s2153	1
s3426	1
s129102	1
s105320	1
s82851	1
s83190	1
s125449	1
s3997	1
s105773	1
s1036	1
s105082	1
s379	1
s4483	1
s355	1
s2555	1
s952	1
s2196	1
s860	1
s140471	1
s3229	1
s105633	1
s121018	1
s3805	1
s362	1
s105734	1
s120846	1
s2508	1
s4395	1
s125429	1
s129147	1
s105016	1
s105074	1
s129214	1
s125419	1
s5222	1
s4051	1
s1260	1
s886	1
s2727	1
s105170	1
s131	1
s3865	1
s134686	1
s115026	1
s1887	1
s5345	1
s82585	3
s83183	1
s121031	1
s83311	1
s81591	1
s3330	1
s3354	1
s82241	1
s4057	1
s137969	2
s4910	1
s81872	1
s82655	2
s129090	1
s3967	1
s961	1
s82234	1
s120934	1
s4922	1
s4934	1
s3080	1
s1543	1
s1263	1
s82526	1
s140520	1
s120840	1
s152	1
s115032	1
s803	1
s73	1
s114639	1
s125475	1
s83077	1
s132022	1
s1962	1
s81825	1
s81712	1
s4891	1
s139611	1
s2440	1
s4353	1
s1982	1
s473	1
s83166	1
s129015	1
s120972	1
s121091	1
s114697	1
s105523	1
s140523	1
s105636	1
s3101	1
s138211	1
s852	1
s3187	1
s3385	1
s3817	1
s4085	1
s5245	1
s121014	1
s819	1
s121084	1
s2257	1
s81870	1
s81666	1
s859	1
s121129	1
s2223	1
s121037	1
s3357	1
s3715	1
s3866	1
s2551	1
s584	1
s58	1
s4034	1
s635	1
s912	1
s1858	1
s82349	1
s114853	1
s132023	1
s4397	1
s82132	1
s1843	1
s82886	1
s1789	1
s2893	1
s3013	1
s121058	1
s114982	1
s105534	1
s744	1
s4272	1
s4464	1
s4824	1
s114787	2
s5418	1
s83301	1
s114765	1
s105726	1
s4048	1
s3651	1
s3058	1
s129216	1
s883	1
s143347	1
s82607	1
s2292	1
s125486	1
s1856	1
s82210	1
s115052	1
s3266	1
s121046	1
s114783	1
s114992	1
s2867	1
s83259	1
s1538	1
s5351	1
s121104	1
s2204	1
s105092	1
s83106	1
s82735	1
s82928	1
s4907	1
s1241	1
s129032	1
s496	1
s81487	1
s2115	1
s139619	1
s2132	1
s125542	1
s405	1
s3831	1
s82054	1
s2210	1
s2242	1
s81726	1
s209	1
s3956	1
s125506	1
s160	1
s2959	1
s2719	1
s1831	1
s3360	1
s81635	1
s846	1
s1149	1
s3204	1
s4815	1
s5193	1
s1081	1
s1553	1
s129126	1
s129210	1
s4360	1
s1941	0
s2097	1
s105705	1
s105555	1
s5132	1
s120976	1
s835	1
s2258	1
s81780	1
s4834	1
s114678	1
s83115	1
s5001	1
s82500	1
s3739	1
s390	1
s81684	0
s121157	1
s129199	3
s120750	1
s5083	1
s82798	1
s83197	1
s1282	1
s1928	0
s5197	1
s129172	1
s82710	1
s3645	1
s3940	1
s4149	1
s5326	1
s4487	1
s1453	1
s2733	1
s143609	1
s131960	1
s83213	1
s81985	1
s627	1
s105252	1
s381	1
s2972	1
s125453	1
s114635	1
s82900	1
s5388	2
s4664	1
s114671	1
s3687	1
s105699	1
s81909	1
s1766	1
s5284	3
s4868	1
s4078	1
s69	1
s2835	1
s4459	1
s81771	1
s3923	1
s2979	1
s3487	1
s114953	1
s5257	1
s4746	1
s120897	3
s143373	1
s114893	1
s114867	1
s4573	1
s120845	1
s2754	1
s2145	1
s654	1
s2050	1
s105338	1
s104848	1
s105311	1
s352	1
s129049	1
s737	1
s5278	3
s138301	1
s105189	1
s81557	1
s140539	1
s2120	1
s137989	1
s3353	1
s4255	1
s707	1
s2036	1
s82292	1
s3525	1
s105069	1
s962	1
s121180	1
s114926	1
s121190	1
s83128	1
s83182	1
s101	1
s147	1
s129237	1
s81480	1
s108	1
s1924	0
s2900	1
s83002	1
s4148	1
s81651	1
s3606	1
s5425	1
s4193	1
s1184	1
s115002	1
s3575	1
s2896	1
s125548	1
s2728	1
s105198	1
s609	1
s129084	1
s2989	1
s143413	1
s3743	1
s82847	1
s81476	1
s140426	1
s794	1
s4900	1
s81403	1
s4890	1
s1177	1
s105615	1
s1971	1
s50	1
s105544	1
s104935	1
s1590	1
s82228	1
s4450	1
s4693	1
s120768	1
s131935	1
s82001	1
s4769	1
s2624	1
s3526	1
s138248	1
s105323	1
s1667	1
s1791	1
s81822	1
s129140	1
s82587	3
s1385	1
s129155	1
s978	1
s82689	1
s5374	2
s82543	1
s81911	1
s2243	1
s121063	1
s593	1
s2256	1
s2915	1
s5043	1
s4176	1
s139639	1
s4291	1
s2756	1
s2890	1
s131990	1
s83158	1
s82682	2
s82430	1
s82036	1
s82493	1
s3241	1
s3955	1
s121175	1
s4123	1
s3497	1
s1559	1
s82527	1
s82510	1
s129002	1
s81673	1
s2741	1
s125491	1
s2772	1
s105271	1
s105768	1
s82980	1
s3209	1
s82466	1
s120922	1
s4651	1
s175	1
s105790	1
s105490	1
s81459	1
s3729	1
s82741	1
s105095	1
s5077	1
s3248	1
s3892	1
s81371	1
s114977	1
s1257	1
s105620	1
s1109	1
s1259	1
s82869	1
s1633	1
s4694	1
s2403	1
s81762	1
s137955	1
s4234	1
s121177	1
s3698	1
s82162	1
s5154	1
s120779	1
s2021	1
s3046	1
s82055	1
s4236	1
s4744	1
s81720	1
s5420	1
s4001	1
s81574	1
s105680	1
s5030	1
s4257	1
s164	1
s1767	1
s105596	1
s2079	1
s114509	1
s4819	1
s104860	1
s4244	1
s4171	1
s169	1
s791	1
s1262	1
s613	1
s82063	1
s131951	1
s82880	1
s5085	1
s82512	1
s83050	1
s137992	1
s105431	1
s1560	1
s367	1
s3556	1
s114847	1
s76	1
s143334	1
s4919	1
s105588	1
s633	1
s114981	1
s83178	1
s19	1
s131989	1
s1968	1
s121197	1
s82117	1
s4313	1
s3495	1
s1009	1
s82307	1
s33	1
s105159	1
s129146	1
s114654	1
s129160	1
s1117	1
s4509	1
s82082	1
s125363	1
s927	1
s81936	1
s120777	1
s4152	1
s114899	1
s659	1
s134623	1
s129052	1
s1024	1
s105364	1
s1386	1
s957	1
s4080	1
s134625	1
s1227	1
s105423	1
s125473	1
s3990	1
s263	1
s83113	1
s137956	1
s105013	1
s5311	1
s82824	1
s1148	1
s4191	1
s82520	1
s105053	1
s3773	1
s120797	1
s1065	1
s2701	1
s634	1
s132057	1
s212	1
s3717	1
s4915	1
s2143	1
s5327	1
s131945	1
s82767	1
s105060	1
s140233	1
s114991	1
s3653	1
s105569	1
s82026	1
s105416	1
s134627	1
s3506	1
s134777	1
s3025	1
s217	1
s140228	1
s4877	1
s987	1
s923	1
s4055	1
s4081	1
s138205	1
s5087	1
s114773	3
s4684	1
s4062	1
s82064	1
s3117	1
s105599	1
s120947	1
s114560	1
s3231	1
s83265	1
s2239	1
s3188	1
s4796	1
s104899	0
s1521	1
s82884	1
s842	1
s5256	1
s639	1
s1290	1
s105455	1
s3407	1
s82579	3
s105321	1
s140408	1
s2327	1
s82446	1
s105107	1
s114838	1
s114513	1
s114789	2
s4816	1
s131917	1
s4239	1
s176	1
s134690	1
s128996	1
s4817	1
s4029	1
s3268	1
s140409	1
s4592	1
s4014	1
s138269	1
s132069	1
s3337	1
s131928	1
s120792	1
s2499	1
s2932	1
s129006	1
s1718	1
s4122	1
s105652	1
s81993	1
s114706	1
s114690	1
s2455	1
s134722	1
s4975	1
s4611	1
s138234	1
s2898	1
s2124	1
s83233	1
s2141	1
s2219	1
s583	1
s120839	1
s82363	1
s1620	1
s2052	1
s82140	1
s132067	1
s1278	1
s2352	1
s82443	1
s2548	1
s2781	1
s120767	1
s134632	1
s125524	3
s1229	1
s82256	1
s4160	1
s3695	1
s140485	1
s2027	1
s105336	1
s105213	1
s82624	1
s82837	1
s953	1
s520	1
s81913	1
s4508	1
s129171	1
s143366	1
s104834	1
s3779	1
s82541	1
s140531	1
s82724	1
s2737	1
s82369	1
s104991	1
s4618	1
s3635	1
s481	1
s129107	1
s2410	1
s82265	1
s114904	1
s3619	1
s85	1
s5231	1
s82890	1
s82616	1
s2271	1
s143383	1
s120773	1
s105601	1
s114809	1
s440	1
s5294	3
s4636	1
s82889	1
s81624	1
s3481	1
s475	1
s4203	1
s96477	1
s134707	1
s457	1
s82947	1
s105728	1
s4352	1
s105641	1
s2644	1
s2576	1
s82133	1
s82033	1
s105666	1
s5158	1
s4192	1
s2635	1
s120788	1
s125571	1
s81516	1
s3532	1
s105574	1
s82462	1
s83143	1
s129184	1
s114973	1
s3920	1
s104900	0
s3129	1
s114728	1
s82810	1
s140428	1
s114833	1
s2101	1
s129139	1
s104920	1
s4348	1
s3613	1
s125527	2
s142613	1
s1690	1
s105811	1
s82784	1
s3417	1
s240	1
s1232	1
s3599	1
s83212	1
s3791	1
s82859	1
s105020	1
s2986	1
s134635	1
s104971	1
s139615	1
s140509	1
s4663	1
s105737	1
s2240	1
s391	1
s129135	1
s4991	1
s1444	1
s521	1
s414	1
s82264	1
s4981	1
s105665	1
s125476	1
s3511	1
s105553	1
s2481	1
s3749	1
s83051	1
s137926	1
s114803	1
s81791	1
s123	1
s143430	1
s1015	1
s1565	1
s134631	1
s4536	1
s120869	1
s134779	1
s120826	1
s105765	1
s82940	1
s83034	1
s880	1
s4632	1
s5098	1
s114905	1
s3827	1
s82015	1
s132074	1
s81838	1
s82700	1
s120831	1
s3925	1
s1851	1
s124	1
s437	1
s83079	1
s4261	1
s121169	1
s1070	1
s3673	1
s5123	1
s1618	1
s129203	2
s814	1
s81730	1
s82401	1
s114562	1
s2264	1
s83242	1
s3280	1
s4104	1
s1011	1
s83319	1
s114801	1
s105298	1
s121068	1
s121106	1
s114912	1
s115066	1
s4623	1
s129185	1
s125504	1
s3059	1
s1631	1
s114531	1
s105660	1
s752	1
s3903	1
s2533	1
s132054	1
s105041	1
s603	1
s4238	1
s2155	1
s114956	1
s105438	1
s2477	1
s3690	1
s4448	1
s115028	1
s129149	1
s105617	1
s2127	1
s114714	1
s82183	1
s4215	1
s4658	1
s115003	1
s138288	1
s134761	1
s114720	1
s114985	1
s134671	1
s114998	1
s1849	1
s2201	1
s114986	1
s82287	1
s4025	1
s105501	1
s4153	1
s83009	1
s3023	1
s96484	1
s3142	1
s4747	1
s261	1
s105528	1
s105465	1
s114917	1
s105334	1
s140267	1
s120742	1
s104880	1
s121158	1
s5233	1
s3453	1
s2169	1
s4449	1
s82752	1
s2684	1
s120802	1
s2172	1
s81990	1
s120852	1
s105412	1
s5124	1
s81373	1
s82131	1
s2247	1
s1634	1
s1221	1
s138256	1
s252	1
s105397	1
s1333	1
s105578	1
s1853	1
s3183	1
s105433	1
s81506	1
s83266	1
s2673	1
s120828	1
s4704	1
s81570	1
s170	1
s1960	1
s114757	1
s104945	1
s5173	1
s154	1
s82593	3
s120918	1
s3629	1
s104842	1
s104831	1
s82130	1
s3731	1
s1412	1
s82142	1
s82102	1
s82283	1
s137971	1
s125612	1
s134775	1
s5262	1
s140262	1
s235	1
s81573	1
s2960	1
s1672	1
s82072	1
s104953	1
s81839	1
s121141	1
s138277	1
s3465	1
s4653	1
s1881	1
s121184	1
s105395	1
s721	1
s82073	1
s1447	1
s1621	1
s5166	1
s125520	3
s967	1
s81617	1
s82457	1
s143397	1
s1435	1
s4992	1
s134713	1
s105139	1
s121144	1
s1146	1
s404	1
s450	1
s114793	2
s2868	1
s83063	1
s2602	1
s83031	1
s114646	1
s4092	1
s82949	1
s132043	1
s4109	1
s3283	1
s114	1
s115014	1
s125594	1
s140266	1
s115055	1
s83012	1
s1351	1
s83243	1
s134620	1
s82484	1
s105341	1
s121115	1
s104875	1
s1067	1
s4162	1
s4791	1
s137948	1
s83234	1
s1654	1
s83148	1
s114608	1
s2944	1
s1812	1
s1495	1
s3542	1
s114959	1
s1609	1
s105538	1
s105031	1
s81967	1
s82918	1
s114664	1
s121125	1
s81756	1
s81942	1
s125541	1
s81478	1
s143388	1
s4332	1
s5313	1
s2955	1
s82801	1
s82730	1
s1217	1
s82788	1
s1629	1
s3560	1
s132032	1
s129082	1
s137933	1
s83324	1
s82305	1
s143377	1
s81699	0
s83149	1
s2207	1
s105125	1
s125536	1
s5310	1
s105759	1
s3539	1
s4314	1
s4396	1
s4809	1
s81386	1
s1188	1
s104917	1
s1895	1
s563	1
s4828	1
s125517	1
s114813	1
s82697	1
s2605	1
s82618	1
s943	1
s105612	1
s82161	1
s1417	1
s125611	1
s125342	1
s81355	1
s105042	1
s82053	1
s4897	1
s3875	1
s83005	1
s134636	1
s114652	1
s79	1
s121199	1
s1022	1
s81577	1
s3011	1
s82613	1
s129182	1
s701	1
s114726	1
s1236	1
s105611	1
s81628	1
s83152	1
s2809	1
s140272	1
s105650	1
s129120	1
s105502	1
s3094	1
s114957	1
s121079	1
s1192	1
s674	1
s1547	1
s105653	1
s125503	1
s105449	1
s1774	1
s82524	1
s105236	1
s1596	1
s114775	3
s3860	1
s4219	1
s5330	1
s1187	1
s2439	1
s504	1
s259	1
s129215	1
s4144	1
s83071	1
s120878	1
s151	1
s1075	1
s82627	1
s120842	1
s553	1
s125357	1
s134704	1
s2786	1
s82841	1
s901	1
s114713	1
s199	1
s114663	1
s2615	1
s1068	1
s82574	3
s125464	1
s856	1
s82649	2
s105425	1
s1871	1
s2349	1
s1466	1
s2037	1
s4110	1
s4465	1
s2034	1
s1965	1
s181	1
s82566	3
s81695	0
s2343	1
s4627	1
s81495	1
s3146	1
s114794	2
s2465	1
s115059	1
s2823	1
s115090	1
s1794	1
s114686	1
s3938	1
s53	1
s3508	1
s120822	1
s4178	1
s2948	1
s3338	1
s105209	1
s1202	1
s120765	1
s3133	1
s82322	1
s82760	1
s82558	3
s105009	1
s4288	1
s194	1
s105537	1
s2147	1
s3193	1
s134773	1
s4334	1
s114832	1
s3350	1
s964	1
s139637	1
s120763	1
s138357	1
s2303	1
s4961	1
s132038	1
s105733	1
s105123	1
s125383	1
s2003	1
s3418	1
s134733	1
s81758	1
s82476	1
s3954	1
s138236	1
s662	1
s1744	1
s2680	1
s81998	1
s81419	1
s134796	1
s81939	1
s134768	1
s125510	1
s82092	1
s82175	1
s81613	1
s2065	1
s1587	1
s1208	1
s83312	1
s138284	1
s81475	1
s143341	1
s104982	1
s82246	1
s82086	1
s115007	1
s4474	1
s3454	1
s5263	1
s114727	1
s82672	2
s3894	1
s2134	1
s105584	1
s4560	1
s120879	1
s105386	1
s3463	1
s1517	1
s1834	1
s2664	1
s121059	1
s81415	1
s104950	1
s139622	1
s1394	1
s140231	1
s4755	1
s138216	1
s114769	1
s104867	1
s114869	1
s4405	1
s4516	1
s3562	1
s1931	0
s114648	1
s1557	1
s3484	1
s143400	1
s1726	1
s3848	1
s104983	1
s3398	1
s4665	1
s125622	1
s278	1
s3176	1
s105183	1
s105735	1
s4301	1
s131884	1
s96	1
s82560	3
s539	1
s82661	2
s1378	1
s134621	1
s2111	1
s105322	1
s82698	1
s3323	1
s82263	1
s105328	1
s82533	1
s317	1
s120873	1
s105052	1
s125384	1
s134700	1
s4753	1
s4738	1
s132004	1
s104966	1
s82463	1
s2905	1
s2280	1
s105593	1
s125374	1
s2419	1
s2592	1
s134719	1
s81923	1
s82186	1
s5062	1
s5314	1
s81918	1
s134651	1
s1494	1
s417	1
s134778	1
s4515	1
s134691	1
s125591	1
s4321	1
s2311	1
s82563	3
s657	1
s3061	1
s105110	1
s82338	1
s2542	1
s134679	1
s1920	0
s4429	1
s3849	1
s730	1
s3090	1
s120860	1
s4851	1
s2988	1
s125507	1
s3235	1
s2150	1
s661	1
s105778	1
s2206	1
s114788	2
s4490	1
s309	1
s82273	1
s125396	1
s2993	1
s134634	1
s2437	1
s81589	1
s579	1
s3072	1
s121072	1
s115060	1
s105057	1
s129035	1
s3160	1
s114554	1
s105682	1
s82137	1
s83194	1
s2428	1
s1635	1
s70	1
s82948	1
s82427	1
s82644	2
s1837	1
s1001	1
s4870	1
s82887	1
s82723	1
s140238	1
s82868	1
s3829	1
s105279	1
s5364	1
s140216	1
s105683	1
s4616	1
s5281	3
s1058	1
s81486	1
s138270	1
s83205	1
s4845	1
s5436	1
s272	1
s81599	1
s3195	1
s131968	1
s105402	1
s134648	1
s81384	1
s125556	1
s132026	1
s1501	1
s1038	1
s1000	1
s885	1
s81424	1
s81658	1
s121009	1
s2689	1
s3502	1
s4964	1
s4336	1
s105453	1
s2603	1
s129186	1
s1604	1
s3580	1
s2768	1
s105424	1
s5394	2
s3783	1
s4635	1
s3921	1
s2317	1
s105579	1
s82511	1
s82503	1
s114860	1
s114730	1
s3852	1
s1074	1
s5051	1
s137952	1
s83276	1
s3347	1
s125447	1
s1540	1
s81794	1
s2884	1
s82083	1
s81674	1
s140516	1
s4723	1
s105256	1
s114565	0
s3576	1
s2464	1
s82960	1
s1045	1
s82891	1
s105055	1
s82818	1
s21	1
s5136	1
s678	1
s82020	1
s1474	1
s1527	1
s82225	1
s4734	1
s82604	3
s104819	1
s105250	1
s81398	1
s82192	1
s5164	1
s5283	3
s580	1
s105437	1
s81686	0
s82085	1
s2377	1
s104894	1
s125468	1
s5183	1
s2760	1
s129076	1
s81391	1
s105240	2
s143326	1
s82365	1
s2294	1
s104885	1
s125362	1
s81547	1
s1551	1
s4362	1
s120740	1
s1237	1
s137953	1
s96483	1
s4899	1
s114676	1
s82311	1
s2490	1
s558	1
s131901	1
s5317	1
s105389	1
s2105	1
s105781	1
s1239	1
s83237	1
s81645	1
s105126	1
s3922	1
s1737	1
s5415	1
s3007	1
s115069	1
s120809	1
s1110	1
s2175	1
s105567	1
s82864	1
s81842	1
s138239	1
s1077	1
s1274	1
s82995	1
s82844	1
s81637	1
s82976	1
s81846	1
s83226	1
s275	1
s81370	1
s120877	1
s82540	1
s121086	1
s2762	1
s120913	1
s2811	1
s965	1
s82535	1
s115019	1
s105809	1
s4948	1
s3777	1
s82043	1
s114566	0
s2534	1
s137961	1
s621	1
s125409	1
s83124	1
s105142	1
s2517	1
s140483	1
s4557	1
s140256	1
s1940	0
s3957	1
s1679	1
s143330	1
s3039	1
s3298	1
s4043	1
s3437	1
s83069	1
s741	1
s1305	1
s138207	1
s125573	1
s3115	1
s105719	1
s2558	1
s1338	1
s556	1
s868	1
s3334	1
s82997	1
s83162	1
s211	1
s2763	1
s82196	1
s121096	1
s503	1
s1201	1
s5199	1
s5210	1
s125513	1
s125352	1
s3441	1
s1753	1
s3597	1
s140532	1
s2273	1
s3740	1
s82123	1
s82861	1
s571	1
s4090	1
s3816	1
s879	1
s82505	1
s140236	1
s134783	1
s114624	1
s140495	1
s105185	1
s138252	1
s114863	1
s81816	1
s4306	1
s105468	1
s140535	1
s83066	1
s1350	1
s83142	1
s3295	1
s129129	1
s81979	1
s56	1
s14	1
s1582	1
s1732	1
s699	1
s601	1
s82057	1
s1948	0
s1964	1
s2288	1
s2199	1
s138302	1
s83214	1
s129074	1
s129009	1
s105524	1
s82576	3
s715	1
s132031	1
s2068	1
s129152	1
s3935	1
s129227	1
s105756	1
s1041	1
s2216	1
s83134	1
s121027	1
s3601	1
s125559	1
s2337	1
s125494	1
s82742	1
s139627	1
s121185	1
s114922	1
s83053	1
s132033	1
s157	1
s2581	1
s2640	1
s186	1
s1124	1
s105750	1
s5067	1
s5126	1
s114974	1
s4826	1
s1771	1
s105513	1
s82595	3
s134798	1
s982	1
s132010	1
s1199	1
s2193	1
s121103	1
s1714	1
s82497	1
s3321	1
s3386	1
s2370	1
s83105	1
s3029	1
s3392	1
s5089	1
s114754	1
s5125	1
s132029	1
s3456	1
s4231	1
s3688	1
s3419	1
s2462	1
s4168	1
s4410	1
s131956	1
s114506	1
s114780	1
s82687	1
s4681	1
s4052	1
s1506	1
s2859	1
s1061	1
s115065	1
s1391	1
s2917	1
s114705	1
s5277	3
s343	1
s138230	1
s2035	1
s114683	1
s526	1
s1799	1
s115089	1
s129011	1
s5157	1
s4209	1
s82794	1
s83306	1
s4381	1
s105084	1
s32	1
s2483	1
s4184	1
s4795	1
s82399	1
s131964	1
s125420	1
s4480	1
s143362	1
s83335	1
s2901	1
s83333	1
s1034	1
s82230	1
s1926	0
s3846	1
s4709	1
s5015	1
s156	1
s2544	1
s114684	1
s81968	1
s121113	1
s3211	1
s114703	1
s4563	1
s3352	1
s82769	1
s132053	1
s452	1
s488	1
s1833	1
s302	1
s258	1
s5438	1
s3403	1
s1818	1
s2877	1
s1586	1
s4361	1
s1040	1
s105177	1
s5114	1
s3563	1
s3477	1
s4678	1
s3442	1
s4128	1
s82611	1
s4640	1
s1815	1
s656	1
s81709	1
s82353	1
s82416	1
s105688	1
s1252	1
s830	1
s478	1
s3672	1
s1706	1
s134708	1
s1171	1
s410	1
s3802	1
s143359	1
s81413	1
s3112	1
s82040	1
s82766	1
s2795	1
s1847	1
s4249	1
s4446	1
s81692	0
s2924	1
s129198	3
s105414	1
s114944	1
s784	1
s134740	1
s4012	1
s114607	1
s3324	1
s5165	1
s3900	1
s2569	1
s3617	1
s105108	1
s82077	1
s5437	1
s121077	1
s114571	1
s1970	1
s114902	1
s82938	1
s2315	1
s412	1
s114602	1
s4365	1
s5090	1
s5291	3
s134669	1
s81970	1
s4730	1
s138343	1
s1298	1
s82326	1
s140223	1
s518	1
s3962	1
s4970	1
s134714	1
s138314	1
s121167	1
s273	1
s82941	1
s120758	1
s866	1
s83223	1
s2461	1
s129089	1
s606	1
s105755	1
s82173	1
s105563	1
s1923	0
s134770	1
s81754	1
s3981	1
s121036	1
s82828	1
s1872	1
s3799	1
s121051	1
s255	1
s82327	1
s83280	1
s125592	1
s83176	1
s134809	1
s120843	1
s114766	1
s105058	1
s4070	1
s188	1
s2862	1
s2308	1
s3098	1
s129058	1
s266	1
s3147	1
s4649	1
s3809	1
s3966	1
s125534	1
s138224	1
s82315	1
s82612	1
s105196	1
s2436	1
s1955	0
s143331	1
s1135	1
s1781	1
s125428	1
s134711	1
s83174	1
s542	1
s140232	1
s81568	1
s81581	1
s3070	1
s114707	1
s2208	1
s82963	1
s940	1
s4439	1
s557	1
s82588	3
s138276	1
s121132	1
s3995	1
s82218	1
s105117	1
s82744	1
s1226	1
s81377	1
s5384	2
s114946	1
s4426	1
s4967	1
s114594	1
s1916	0
s3123	1
s105492	1
s82796	1
s3519	1
s132046	1
s4810	1
s105738	1
s3138	1
s82967	1
s4386	1
s81510	1
s4740	1
s143333	1
s114842	1
s131879	1
s105657	1
s105698	1
s2565	1
s168	1
s1645	1
s120995	1
s2649	1
s81454	1
s134812	1
s2048	1
s3074	1
s5422	1
s2074	1
s4762	1
s105761	1
s2168	1
s353	1
s81563	1
s105591	1
s1716	1
s5147	1
s4182	1
s4315	1
s3185	1
s114729	1
s2278	1
s5237	1
s125413	1
s121120	1
s2567	1
s4647	1
s2470	1
s3458	1
s105426	1
s120857	1
s435	1
s8	1
s2085	1
s5088	1
s746	1
s143372	0
s1115	1
s578	1
s81873	1
s82958	1
s81394	1
s129211	1
s5380	2
s105169	1
s775	1
s131967	1
s145	1
s5169	1
s3380	1
s121173	1
s104925	1
s82628	1
s129057	1
s121172	1
s82482	1
s82701	1
s81642	1
s82643	1
s121000	1
s4418	1
s143431	1
s120781	1
s4504	1
s524	1
s1733	1
s82124	1
s4380	1
s131912	1
s4431	1
s115025	1
s82301	1
s4432	1
s120863	1
s493	1
s4075	1
s4107	1
s2162	1
s131876	1
s1828	1
s5071	1
s2049	1
s143414	1
s3640	1
s114522	1
s323	1
s3472	1
s81832	1
s623	1
s3091	1
s120819	1
s82226	1
s81507	1
s2362	1
s2378	1
s2276	1
s1197	1
s105190	1
s5161	1
s83262	1
s81682	0
s131936	1
s2475	1
s82164	1
s104845	1
s82429	1
s105487	1
s105382	1
s140434	1
s121043	1
s137947	1
s5403	1
s4056	1
s930	1
s5424	1
s5275	3
s105010	1
s105156	1
s1299	1
s3277	1
s71	1
s1922	0
s4784	1
s114570	1
s140479	1
s138266	1
s3996	1
s1469	1
s129145	1
s4179	1
s129053	1
s143407	1
s82139	1
s365	1
s125430	1
s3428	1
s83317	1
s143402	1
s121097	1
s3504	1
s2417	1
s4695	1
s82059	1
s105480	1
s125415	1
s82935	1
s82152	1
s81465	1
s105590	1
s120868	1
s115042	1
s2511	1
s2096	1
s82310	1
s81382	1
s2723	1
s5439	1
s3978	1
s81899	1
s1289	1
s104996	1
s1529	1
s140481	1
s82581	3
s82795	1
s5179	1
s177	1
s3821	1
s129212	1
s1428	1
s82636	1
s300	1
s81661	1
s671	1
s82271	1
s3726	1
s4779	1
s5387	2
s2800	1
s82409	1
s1568	1
s121198	1
s1723	1
s4206	1
s82280	1
s439	1
s3339	1
s4441	1
s3681	1
s3971	1
s83191	1
s104855	1
s138213	1
s82674	2
s82694	1
s5061	1
s1010	1
s2834	1
s105331	1
s2430	1
s3344	1
s928	1
s121192	1
s81983	1
s1174	1
s143329	1
s114719	1
s82925	1
s3684	1
s2847	1
s2054	1
s81995	1
s1424	1
s81705	1
s472	1
s105716	1
s2269	1
s83054	1
s1990	1
s120762	1
s83231	1
s1392	1
s120898	3
s114897	1
s808	1
s143349	1
s129071	1
s3399	1
s105405	1
s114576	1
s105463	1
s114903	1
s140457	1
s2672	1
s105220	1
s121191	1
s140534	1
s5377	2
s82763	1
s2421	1
s4158	1
s114649	1
s120884	1
s81447	1
s115018	1
s105143	1
s121118	1
s1485	1
s5072	1
s104999	1
s1756	1
s105717	1
s114790	2
s82835	1
s1248	1
s104858	1
s138337	1
s81578	1
s82908	1
s3738	1
s3545	1
s105137	1
s46	1
s82988	1
s4660	1
s3501	1
s121149	1
s1991	1
s114735	1
s83325	1
s4529	1
s115039	1
s114931	1
s82260	1
s1804	1
s4194	1
s3692	1
s456	1
s82819	1
s4403	1
s4716	1
s5255	1
s861	1
s670	1
s105276	1
s83135	1
s2621	1
s1738	1
s143423	1
s105112	1
s131979	1
s105168	1
s143420	1
s138352	1
s82350	1
s2966	1
s3301	1
s512	1
s81856	1
s140240	1
s267	1
s3370	1
s4241	1
s104923	1
s2385	1
s3315	1
s134633	1
s105071	1
s125499	1
s82874	1
s1395	1
s82739	1
s82080	1
s134677	1
s82659	2
s2473	1
s129226	1
s83059	1
s125394	1
s129110	1
s796	1
s5260	1
s5301	3
s104795	1
s813	1
s139643	1
s82143	1
s81731	1
s82433	1
s81437	1
s140454	1
s81481	1
s81765	1
s2998	1
s5334	1
s2983	1
s976	1
s143382	1
s5360	1
s121013	1
s105022	1
s105784	1
s546	1
s125392	1
s120838	1
s5107	1
s2202	1
s121016	1
s2668	1
s2057	1
s3840	1
s4532	1
s4929	1
s1954	0
s1743	1
s132018	1
s3288	1
s81880	1
s159	1
s105096	1
s82294	1
s138203	1
s81882	1
s1549	1
s121107	1
s2812	1
s974	1
s4551	1
s1917	0
s115093	1
s1745	1
s121033	1
s5128	1
s2495	1
s3034	1
s2382	1
s138319	1
s764	1
s105622	1
s946	1
s4710	1
s2100	1
s1573	1
s4210	1
s104897	0
s138350	1
s6	1
s4706	1
s81719	1
s903	1
s129088	1
s4624	1
s134806	1
s114827	1
s104812	1
s125401	1
s83086	1
s104893	1
s82602	3
s105355	1
s120776	1
s125391	1
s140537	1
s105063	1
s82550	3
s105080	1
s1251	1
s83255	1
s138289	1
s984	1
s120764	1
s105145	1
s910	1
s507	1
s2906	1
s4346	1
s121078	1
s105157	1
s131903	1
s104859	1
s1004	1
s3702	1
s81881	1
s81735	1
s4538	1
s2946	1
s3652	1
s4265	1
s4350	1
s139646	1
s997	1
s3196	1
s2909	1
s2331	1
s3149	1
s143	1
s3674	1
s142612	1
s5249	1
s3004	1
s629	1
s131950	1
s4978	1
s2224	1
s82833	1
s3756	1
s682	1
s105625	1
s138275	1
s134756	1
s1427	1
s143404	1
s105481	1
s81493	1
s2757	1
s82032	1
s94	1
s4955	1
s83026	1
s1294	1
s4136	1
s82339	1
s131973	1
s105106	1
s81368	1
s81533	1
s3285	1
s591	1
s3139	1
s1757	1
s82018	1
s131918	1
s114744	1
s60	1
s129060	1
s371	1
s4995	1
s2188	1
s121038	1
s2173	1
s82070	1
s114746	1
s3559	1
s105344	1
s2708	1
s1006	1
s83177	1
s2921	1
s4757	1
s4338	1
s129189	1
s82042	1
s137950	1
s158	1
s4850	1
s5102	1
s4455	1
s3544	1
s120895	1
s5306	1
s939	1
s104870	1
s140472	1
s82373	1
s83218	1
s1855	1
s105613	1
s1400	1
s83246	1
s81395	1
s1359	1
s129123	1
s4481	1
s2776	1
s2217	1
s3054	1
s2910	1
s198	1
s945	1
s2022	1
s82277	1
s3993	1
s105176	1
s81801	1
s130	1
s82375	1
s2032	1
s82178	1
s82956	1
s137954	1
s104803	1
s114810	1
s120966	1
s82836	1
s3114	1
s137958	1
s105441	1
s97	1
s81997	1
s1952	0
s82975	1
s138326	1
s121136	1
s105034	1
s4904	1
s82568	3
s114527	1
s2735	1
s1649	1
s81596	1
s4022	1
s2813	1
s137924	1
s208	1
s2321	1
s436	1
s82929	1
s82812	1
s83332	1
s140453	1
s2191	1
s1380	1
s2006	1
s140538	1
s1287	1
s3177	1
s2063	1
s3439	1
s120958	1
s137991	1
s81551	1
s696	1
s81672	1
s138	1
s2469	1
s99	1
s132001	1
s83121	1
s83089	1
s105606	1
s143323	1
s515	1
s120786	1
s105770	1
s502	1
s1098	1
s4116	1
s44	1
s120999	1
s2641	1
s129239	1
s105090	1
s4813	1
s3861	1
s137930	1
s105672	1
s1140	1
s140513	1
s105346	1
s139631	1
s5048	1
s3423	1
s1863	1
s121092	1
s3271	1
s29	1
s83239	1
s125359	1
s142614	1
s772	1
s104882	1
s125369	1
s702	1
s82781	1
s3215	1
s947	1
s3627	1
s288	1
s82249	1
s105486	1
s105472	1
s1347	1
s82242	1
s2456	1
s143338	1
s1332	1
s1824	1
s4146	1
s83264	1
s114710	1
s115017	1
s131997	1
s82068	1
s137982	1
s105064	1
s4892	1
s3178	1
s81700	0
s711	1
s132013	1
s1525	1
s104976	1
s82100	1
s2044	1
s114718	1
s121093	1
s83118	1
s104820	1
s3793	1
s140265	1
s3890	1
s120920	1
s2588	1
s204	1
s82800	1
s125604	1
s127	1
s1999	1
s2390	1
s5006	1
s105297	1
s105442	1
s2060	1
s1639	1
s82696	1
s81644	1
s104941	1
s81455	1
s4935	1
s3705	1
s140411	1
s3374	1
s1628	1
s4715	1
s81593	1
s114948	1
s3168	1
s83310	1
s1986	1
s1167	1
s3384	1
s114645	1
s105363	1
s1113	1
s320	1
s4555	1
s114577	1
s1112	1
s120817	1
s82355	1
s82537	1
s3424	1
s933	1
s4615	1
s105780	1
s129154	1
s1020	1
s105287	1
s4879	1
s82951	1
s125512	1
s114846	1
s134665	1
s4183	1
s105600	1
s114958	1
s81550	1
s81621	1
s3144	1
s4520	1
s1336	1
s82198	1
s82009	1
s134731	1
s105119	1
s82635	1
s756	1
s996	1
s81741	1
s104889	1
s1189	1
s120946	1
s5376	2
s104823	1
s81649	1
s4692	1
s82461	1
s643	1
s2843	1
s81531	1
s4318	1
s105273	1
s105713	1
s5307	1
s82565	3
s983	1
s4134	1
s105772	1
s3294	1
s134666	1
s4591	1
s140279	1
s82160	1
s1358	1
s1860	1
s714	1
s4250	1
s114891	1
s105692	1
s2682	1
s114993	1
s105085	1
s237	1
s2547	1
s3637	1
s1316	1
s4305	1
s81571	1
s81795	1
s105270	1
s105419	1
s121123	1
s2539	1
s121186	1
s137941	1
s81775	1
s3798	1
s3679	1
s3161	1
s5224	1
s129073	1
s4010	1
s3475	1
s726	1
s129096	1
s3359	1
s3906	1
s114750	1
s81636	1
s4185	1
s138340	1
s2293	1
s138353	1
s143358	1
s541	1
s134743	1
s129078	1
s81440	1
s105557	1
s1071	1
s82449	1
s2165	1
s82538	1
s3741	1
s104975	1
s4630	1
s120984	1
s1975	1
s2631	1
s3275	1
s5025	1
s143381	1
s4189	1
s2228	1
s1927	0
s1349	1
s143419	1
s3785	1
s2064	1
s125560	1
s82496	1
s129064	1
s4285	1
s2220	1
s1030	1
s82039	1
s81603	1
s105791	1
s5052	1
s131977	1
s1715	1
s120821	1
s4253	1
s105473	1
s82506	1
s82631	1
s2546	1
s104809	1
s82336	1
s105520	1
s81701	0
s810	1
s1581	1
s4289	1
s105744	1
s134769	1
s114826	1
s82589	3
s1938	0
s114695	1
s121083	1
s2854	1
s82551	3
s82985	1
s4077	1
s1348	1
s140470	1
s114618	1
s1508	1
s129121	1
s1801	1
s2774	1
s129043	1
s114518	1
s83068	1
s120749	1
s4330	1
s83000	1
s114541	1
s81849	1
s82573	3
s925	1
s1816	1
s81407	1
s2530	1
s5273	3
s2976	1
s3765	1
s105235	1
s2953	1
s3102	1
s2675	1
s4875	1
s105289	1
s605	1
s105488	1
s3718	1
s82725	1
s792	1
s81660	1
s120959	1
s3943	1
s2855	1
s140214	1
s4724	1
s105589	1
s114699	1
s138322	1
s105360	1
s1176	1
s83330	1
s105446	1
s81471	1
s104961	1
s1878	1
s81694	0
s1556	1
s114623	1
s143360	1
s1403	1
s114830	1
s1204	1
s1207	1
s3461	1
s138318	1
s2820	1
s4399	1
s1172	1
s82757	1
s138228	1
s81611	1
s2396	1
s2638	1
s105725	1
s82826	1
s4887	1
s1296	1
s105649	1
s685	1
s121171	1
s1454	1
s4767	1
s81853	1
s121002	1
s82439	1
s82982	1
s3708	1
s862	1
s125509	1
s5354	1
s297	1
s105422	1
s82438	1
s4354	1
s120794	1
s81595	1
s114822	1
s2078	1
s82901	1
s1558	1
s598	1
s1179	1
s5024	1
s82926	1
s470	1
s4546	1
s5163	1
s134622	1
s420	1
s82244	1
s409	1
s4924	1
s1956	0
s131974	1
s3901	1
s83211	1
s81448	1
s82999	1
s5082	1
s125535	1
s82675	2
s114815	1
s383	1
s2919	1
s114967	1
s137967	1
s2984	1
s2601	1
s83220	1
s105547	1
s1730	1
s143429	1
s104841	1
s4140	1
s105797	1
s245	1
s2828	1
s2375	1
s82370	1
s1072	1
s139642	1
s4518	1
s1037	1
s81915	1
s3574	1
s81784	1
s121048	1
s134673	1
s83085	1
s4112	1
s4752	1
s121024	1
s138209	1
s143391	1
s781	1
s2161	1
s2095	1
s131931	1
s140425	1
s81908	1
s1921	0
s104888	1
s3148	1
s3944	1
s1535	1
s121045	1
s3152	1
s82780	1
s132041	1
s2131	1
s4949	1
s179	1
s1157	1
s2590	1
s4842	1
s4943	1
s817	1
s82651	2
s750	1
s2792	1
s1381	1
s2424	1
s140541	1
s4237	1
s105376	1
s125590	1
s83102	1
s2514	1
s83117	1
s4938	1
s114771	3
s4523	1
s105531	1
s1129	1
s115095	1
s2214	1
s3078	1
s1875	1
s2577	1
s82555	3
s3547	1
s83172	1
s1835	1
s82645	2
s5002	1
s1271	1
s2010	1
s105783	1
s129125	1
s143363	1
s2885	1
s81572	1
s81500	1
s114611	1
s82411	1
s2000	1
s81526	1
s81656	1
s131896	1
s143355	1
s3455	1
s4156	1
s1589	1
s5143	1
s104990	1
s129221	1
s2822	1
s1752	1
s4965	1
s4142	1
s134619	1
s129013	1
s125403	1
s1269	1
s83015	1
s105162	1
s105411	1
s1742	1
s1546	1
s105482	1
s137985	1
s2413	1
s105420	1
s120938	1
s82324	1
s105178	1
s531	1
s3524	1
s4211	1
s3579	1
s105003	1
s105529	1
s474	1
s120833	1
s105586	1
s572	1
s2870	1
s82519	1
s4296	1
s83187	1
s83120	1
s125596	1
s3225	1
s1425	1
s137959	1
s138267	1
s104956	1
s1497	1
s82010	1
s2463	1
s929	1
s120996	1
s4376	1
s5081	1
s3876	1
s82386	1
s2656	1
s105285	1
s778	1
s1101	1
s105559	1
s1243	1
s81612	1
s787	1
s4339	1
s134774	1
s3489	1
s81460	1
s4173	1
s82282	1
s81560	1
s3529	1
s104804	1
s888	1
s2373	1
s1160	1
s104994	1
s2928	1
s2967	1
s3841	1
s134737	1
s83138	1
s5329	1
s4264	1
s4349	1
s1126	1
s105561	1
s114588	1
s4622	1
s2549	1
s114675	1
s3230	1
s2313	1
s2042	1
s284	1
s82012	1
s26	1
s82932	1
s134688	1
s4135	1
s3005	1
s105610	1
s81893	1
s4677	1
s5338	1
s1825	1
s1880	1
s125372	1
s81511	1
s121028	1
s4325	1
s3349	1
s1053	1
s1653	1
s105251	1
s82342	1
s3120	1
s4990	1
s120808	1
s402	1
s2821	1
s4151	1
s4406	1
s3371	1
s732	1
s3436	1
s114739	1
s1793	1
s81912	1
s139608	1
s3958	1
s82415	1
s114828	1
s82402	1
s1976	1
s121006	1
s4517	1
s114774	3
s3009	1
s143320	1
s3573	1
s575	1
s104810	1
s114906	1
s82779	1
s104833	1
s125617	1
s1685	1
s140420	1
s82984	1
s121011	1
s142609	1
s5074	1
s2187	1
s81548	1
s81556	1
s129066	1
s2808	1
s81965	1
s82266	1
s2355	1
s131930	1
s3564	1
s137978	1
s82325	1
s105679	1
s900	1
s3759	1
s3787	1
s401	1
s105498	1
s690	1
s81935	1
s131985	1
s676	1
s132072	1
s120928	1
s115061	1
s129223	1
s105227	1
s81442	1
s114892	1
s568	1
s3609	1
s3897	1
s129077	1
s105076	1
s5247	1
s2671	1
s125378	1
s4195	1
s82707	1
s2609	1
s1097	1
s228	1
s138282	1
s5113	1
s1445	1
s2270	1
s104872	1
s2002	1
s114549	1
s5017	1
s125586	1
s128	1
s2940	1
s82302	1
s129225	1
s4888	1
s81689	0
s4502	1
s81848	1
s2287	1
s2973	1
s125562	1
s125498	1
s115015	1
s114622	1
s83119	1
s3979	1
s138263	1
s82577	3
s105550	1
s3024	1
s104886	1
s2971	1
s462	1
s81879	1
s114632	1
s1691	1
s82571	3
s2335	1
s83021	1
s121168	1
s82024	1
s2356	1
s1315	1
s5368	2
s5220	1
s140431	1
s4621	1
s143416	1
s287	1
s138233	1
s4413	1
s1641	1
s132066	1
s125347	1
s1089	1
s2824	1
s105379	1
s174	1
s143365	1
s120789	1
s592	1
s82306	1
s142607	1
s2008	1
s4126	1
s121094	1
s1930	0
s330	1
s2232	1
s4667	1
s1108	1
s105232	3
s81927	1
s82734	1
s783	1
s538	1
s2579	1
s2334	1
s121041	1
s104997	1
s105062	1
s1854	1
s2186	1
s82782	1
s104881	1
s81921	1
s1611	1
s114799	1
s140432	1
s614	1
s3646	1
s1945	0
s81783	1
s120832	1
s3643	1
s4371	1
s121200	1
s4800	1
s104968	1
s1786	1
s833	1
s3246	1
s114781	1
s81505	1
s81412	1
s3660	1
s2663	1
s126	1
s138231	1
s3416	1
s5391	2
s81900	1
s83339	1
s105199	1
s131998	1
s140252	1
s1646	1
s120962	1
s3340	1
s125579	1
s120899	1
s2253	1
s82489	1
s5419	1
s1002	1
s3618	1
s4026	1
s4701	1
s1434	1
s2657	1
s120	1
s1734	1
s4711	1
s105634	1
s81805	1
s2580	1
s125397	1
s3882	1
s5034	1
s143352	1
s105059	1
s1401	1
s82060	1
s114514	1
s2731	1
s3985	1
s81606	1
s2702	1
s2926	1
s5229	1
s1669	1
s4217	1
s2501	1
s2874	1
s134760	1
s83273	1
s138339	1
s3523	1
s3842	1
s83284	1
s125607	1
s2395	1
s134744	1
s3469	1
s3748	1
s5378	2
s114511	1
s82591	3
s81514	1
s1335	1
s5264	1
s81474	1
s1593	1
s81725	1
s81875	1
s104901	0
s5066	1
s2977	1
s2991	1
s5109	1
s3252	1
s5348	1
s134725	1
s125508	1
s5092	1
s105109	1
s4408	1
s137980	1
s129022	1
s532	1
s1329	1
s1379	1
s1700	1
s81940	1
s81885	1
s120875	1
s131999	1
s134663	1
s140528	2
s131980	1
s137977	1
s105668	1
s1980	1
s82058	1
s129048	1
s406	1
s105374	1
s1409	1
s125500	1
s114613	1
s82979	1
s129164	1
s83098	1
s129081	1
s2527	1
s2817	1
s105787	1
s2557	1
s82712	1
s4463	1
s2999	1
s4643	1
s134685	1
s2099	1
s82848	1
s1569	1
s138214	1
s105434	1
s370	1
s5320	1
s82934	1
s105709	1
s5316	1
s81582	1
s5286	3
s4442	1
s3237	1
s2887	1
s105564	1
s83250	1
s114836	1
s354	1
s105464	1
s82144	1
s82374	1
s140455	1
s125443	1
s120851	1
s319	1
s4522	1
s2742	1
s120970	1
s2249	1
s105120	1
s82930	1
s105079	1
s637	1
s82834	1
s138291	1
s3770	1
s140242	1
s749	1
s82237	1
s4973	1
s4498	1
s2304	1
s82367	1
s2779	1
s4976	1
s140525	1
s82276	1
s2171	1
s4811	1
s1488	1
s3889	1
s120814	1
s81380	1
s3224	1
s4475	1
s140283	1
s2197	1
s81630	1
s82441	1
s3305	1
s125450	1
s81751	1
s540	1
s121076	1
s2231	1
s4499	1
s105489	1
s3253	1
s138232	1
s120967	1
s143336	1
s120990	1
s2559	1
s120836	1
s298	1
s104829	1
s873	1
s83030	1
s1139	1
s1090	1
s1225	1
s1387	1
s138206	1
s82983	1
s3383	1
s1337	1
s922	1
s82061	1
s81427	1
s1049	1
s82630	1
s114752	1
s95	1
s3375	1
s82666	2
s2194	1
s83163	1
s105358	1
s3389	1
s3968	1
s2391	1
s3105	1
s3867	1
s4676	1
s82385	1
s104876	1
s1592	1
s115120	1
s3585	1
s105763	1
s105030	1
s2379	1
s2406	1
s125493	1
s114507	1
s1885	1
s81520	1
s105004	1
s1790	1
s115	1
s81757	1
s1619	1
s3844	1
s120848	1
s4007	1
s1367	1
s3771	1
s2873	1
s125354	1
s82832	1
s125456	1
s81450	1
s3405	1
s125377	1
s125351	1
s137968	1
s125569	1
s114997	1
s282	1
s143370	1
s3110	1
s114535	1
s4852	1
s5009	1
s3626	1
s143387	1
s82681	2
s1571	1
s81515	1
s3162	1
s4733	1
s4389	1
s129087	1
s140401	1
s2434	1
s4864	1
s83326	1
s114940	1
s4036	1
s4895	1
s81928	1
s129244	1
s114722	1
s3552	1
s134749	1
s134813	1
s4049	1
s83202	1
s4157	1
s105122	1
s82406	1
s83244	1
s120994	1
s499	1
s1472	1
s2543	1
s140277	1
s2518	1
s1908	0
s140487	1
s3934	1
s4631	1
s4770	1
s105401	1
s5144	1
s3480	1
s134726	1
s1422	1
s4880	1
s81800	1
s4901	1
s970	1
s115046	1
s338	1
s2783	1
s105661	1
s5435	1
s82957	1
s81887	1
s81714	1
s134680	1
s138251	1
s105054	1
s4576	1
s3680	1
s5122	1
s104807	1
s81868	1
s137983	1
s2686	1
s2345	1
s82127	1
s129042	1
s92	1
s132025	1
s1492	1
s105648	1
s83337	1
s4491	1
s1934	0
s82382	1
s105258	1
s4495	1
s82531	1
s120759	1
s3953	1
s2773	1
s4932	1
s2433	1
s3528	1
s140402	1
s82728	1
s83123	1
s134720	1
s780	1
s3509	1
s138250	1
s104964	1
s125346	1
s2447	1
s4391	1
s3982	1
s137974	1
s7	1
s131902	1
s81859	1
s2484	1
s4980	1
s121065	1
s140436	1
s3068	1
s83044	1
s125529	2
s4372	1
s1373	1
s125549	1
s81772	1
s82671	2
s81669	1
s105746	1
s114841	1
s2429	1
s115027	1
s2094	1
s81458	1
s1277	1
s138262	1
s5209	1
s4993	1
s4916	1
s3800	1
s979	1
s129003	1
s81914	1
s82823	1
s83321	1
s1168	1
s1707	1
s115009	1
s114925	1
s4121	1
s3071	1
s1489	1
s81793	1
s2729	1
s114717	1
s672	1
s1768	1
s82761	1
s83287	1
s129038	1
s1151	1
s81907	1
s2650	1
s82902	1
s4063	1
s4583	1
s1933	0
s703	1
s81906	1
s121142	1
s129170	1
s4457	1
s115035	1
s105509	1
s83095	1
s105265	1
s5321	1
s4256	1
s114791	2
s82776	1
s114725	1
s83322	1
s82726	1
s1125	1
s82878	1
s125577	1
s82904	1
s114887	1
s3388	1
s138358	1
s1520	1
s114854	1
s81468	1
s4086	1
s3514	1
s131888	1
s1961	1
s5296	3
s1325	1
s2566	1
s105129	1
s4857	1
s1264	1
s121174	1
s5401	1
s121170	1
s2614	1
s82216	1
s121066	1
s3930	1
s1998	1
s114574	1
s114606	1
s104989	1
s125553	1
s81807	1
s1328	1
s325	1
s140253	1
s3881	1
s3818	1
s104929	1
s5177	1
s83027	1
s3067	1
s134660	1
s129193	3
s120925	1
s2365	1
s3638	1
s3650	1
s4101	1
s5195	1
s105308	1
s132019	1
s1153	1
s4046	1
s4760	1
s3218	1
s129190	3
s681	1
s5110	1
s3764	1
s1644	1
s81910	1
s4155	1
s105701	1
s82474	1
s121025	1
s4337	1
s120865	1
s3909	1
s4019	1
s1318	1
s138287	1
s2791	1
s114756	1
s4535	1
s138258	1
s3292	1
s57	1
s115063	1
s1575	1
s5269	3
s82865	1
s3269	1
s140435	1
s138221	1
s111	1
s4804	1
s125518	1
s1879	1
s3069	1
s134646	1
s3182	1
s865	1
s115022	1
s105066	1
s121163	1
s2945	1
s3724	1
s82304	1
s2707	1
s1050	1
s1782	1
s81418	1
s83006	1
s2536	1
s322	1
s565	1
s129033	1
s83075	1
s121015	1
s1989	1
s82075	1
s3452	1
s2784	1
s121138	1
s81631	1
s105696	1
s125405	1
s3753	1
s728	1
s895	1
s223	1
s82695	1
s2314	1
s5214	1
s82366	1
s5248	1
s2128	1
s2364	1
s82569	3
s104987	1
s121074	1
s105616	1
s81728	1
s1052	1
s114657	1
s82460	1
s195	1
s1079	1
s4777	1
s4867	1
s105619	1
s3707	1
s5156	1
s105736	1
s105690	1
s104877	1
s2178	1
s81952	1
s1276	1
s5153	1
s486	1
s121019	1
s125619	1
s3520	1
s4607	1
s137981	1
s3449	1
s82169	1
s5021	1
s2250	1
s125470	1
s82141	1
s4316	1
s4983	1
s82050	1
s2963	1
s4683	1
s827	1
s81350	1
s114861	1
s125366	1
s2397	1
s134638	1
s83169	1
s115094	1
s82892	1
s114510	1
s350	1
s105002	1
s114669	1
s131992	1
s82232	1
s5216	1
s2211	1
s81640	1
s881	1
s2838	1
s3121	1
s1857	1
s3584	1
s105640	1
s1442	1
s114556	1
s2661	1
s1267	1
s105015	1
s1994	1
s120756	1
s114796	1
s82231	1
s82740	1
s4839	1
s3836	1
s1826	1
s82916	1
s105646	1
s4659	1
s1297	1
s82829	1
s276	1
s125402	1
s3041	1
s4207	1
s81888	1
s3154	1
s2738	1
s105805	1
s3212	1
s82879	1
s114505	1
s4382	1
s218	1
s2266	1
s993	1
s1567	1
s4240	1
s226	1
s82119	1
s616	1
s134807	1
s82290	1
s193	1
s105299	1
s82586	3
s114961	1
s104911	1
s114644	1
s134723	1
s82212	1
s131881	1
s82348	1
s290	1
s81438	1
s82233	1
s5299	3
s197	1
s2088	1
s3205	1
s125557	1
s617	1
s1083	1
s81485	1
s1134	1
s1476	1
s81951	1
s83203	1
s333	1
s2610	1
s82992	1
s114643	1
s82078	1
s83294	1
s3720	1
s120889	1
s4427	1
s82469	1
s125516	1
s81647	1
s4073	1
s3557	1
s114667	1
s4979	1
s82974	1
s2934	1
s131947	1
s4177	1
s82910	1
s114843	1
s83327	1
s134693	1
s82481	1
s125424	1
s125445	1
s898	1
s2654	1
s1795	1
s2669	1
s129055	1
s3507	1
s82502	1
s105118	1
s2541	1
s114807	1
s81449	1
s1943	0
s105061	1
s3654	1
s1448	1
s105257	1
s1755	1
s105309	1
s83323	1
s105077	1
s120975	1
s1280	1
s1765	1
s81423	1
s1408	1
s2670	1
s121075	1
s182	1
s105316	1
s1509	1
s81425	1
s129236	1
s3329	1
s3744	1
s105130	1
s114553	1
s64	1
s4820	1
s5152	1
s666	1
s138332	1
s120775	1
s83132	1
s2842	1
s81434	1
s104824	1
s1480	1
s1031	1
s2121	1
s105592	1
s82048	1
s137925	1
s82361	1
s140482	1
s81991	1
s1896	1
s138237	1
s1625	1
s3546	1
s4893	1
s131942	1
s4985	1
s3540	1
s134658	1
s213	1
s2339	1
s4088	1
s82193	1
s82658	2
s121137	1
s115047	1
s3372	1
s5235	1
s138342	1
s82346	1
s105324	1
s105312	1
s134626	1
s115078	1
s83057	1
s120761	1
s5228	1
s3527	1
s3973	1
s2869	1
s138264	1
s1889	1
s2815	1
s140414	1
s2089	1
s5227	1
s83042	1
s114776	3
s140503	1
s83288	1
s2267	1
s132064	1
s105393	1
s3788	1
s1353	1
s4270	1
s120811	1
s81540	1
s2415	1
s2769	1
s2399	1
s5268	3
s4031	1
s4	1
s16	1
s129072	1
s81971	1
s125381	1
s81933	1
s3131	1
s5192	1
s4986	1
s3496	1
s105225	1
s140474	1
s1100	1
s3055	1
s82773	1
s1180	1
s140459	1
s2502	1
s82261	1
s134801	1
s140403	1
s2758	1
s114543	1
s82530	1
s81972	1
s129167	1
s96480	1
s120936	1
s1496	1
s3221	1
s4167	1
s82797	1
s125426	1
s3721	1
s115056	1
s1740	1
s4764	1
s3984	1
s306	1
s1862	1
s4065	1
s105087	1
s82954	1
s114817	1
s104955	1
s82598	3
s1155	1
s143406	1
s41	1
s5005	1
s121105	1
s4722	1
s82203	1
s4098	1
s105774	1
s114685	1
s180	1
s105795	1
s134703	1
s129230	1
s121183	1
s132003	1
s82534	1
s5252	1
s81580	1
s140263	1
s740	1
s114621	1
s4404	1
s82330	1
s104862	1
s2046	1
s1680	1
s125387	1
s81829	1
s82423	1
s81746	1
s398	1
s114682	1
s3792	1
s82677	2
s105040	1
s1731	1
s52	1
s3701	1
s2062	1
s1165	1
s4106	1
s82046	1
s3345	1
s121147	1
s82582	3
s3591	1
s430	1
s105624	1
s268	1
s120880	1
s140448	1
s105175	1
s748	1
s3582	1
s429	1
s143368	1
s3153	1
s105005	1
s82135	1
s82914	1
s81727	1
s3119	1
s82986	1
s82104	1
s2083	1
s318	1
s81809	1
s3820	1
s3918	1
s5372	2
s125365	1
s81662	1
s125466	1
s105582	1
s5343	1
s5361	2
s82172	1
s2687	1
s812	1
s5059	1
s120812	1
s105150	1
s105361	1
s82772	1
s81654	1
s82074	1
s81704	1
s115031	1
s2020	1
s105192	1
s3486	1
s5402	1
s376	1
s3963	1
s81698	0
s239	1
s3184	1
s4656	1
s2476	1
s3278	1
s82235	1
s706	1
s3543	1
s105456	1
s83289	1
s534	1
s5022	1
s920	1
s82272	1
s3026	1
s82632	1
s2119	1
s3450	1
s125421	1
s82946	1
s120988	1
s5234	1
s114653	1
s4626	1
s3590	1
s4188	1
s82182	1
s125587	1
s4175	1
s82746	1
s120858	1
s114762	1
s1579	1
s1951	0
s82243	1
s129067	0
s81954	1
s2277	1
s4661	1
s82101	1
s81977	1
s1925	0
s2306	1
s143364	1
s2297	1
s104922	1
s82383	1
s5370	2
s3276	1
s104808	1
s3124	1
s1689	1
s82849	1
s327	1
s4154	1
s82319	1
s83144	1
s132016	1
s4143	1
s82713	1
s1286	1
s82103	1
s3008	1
s709	1
s138323	1
s2154	1
s120907	1
s140491	1
s4416	1
s232	1
s3002	1
s82147	1
s3210	1
s915	1
s82158	1
s3622	1
s3300	1
s140465	1
s120754	1
s1656	1
s2585	1
s4245	1
s1605	1
s2454	1
s105536	1
s1463	1
s3778	1
s105749	1
s5106	1
s105288	1
s1874	1
s2183	1
s132044	1
s4232	1
s125469	1
s129117	1
s105747	1
s114558	1
s3839	1
s143424	1
s105238	1
s4320	1
s83209	1
s2047	1
s3368	1
s2513	1
s806	1
s222	1
s2956	1
s4501	1
s82998	1
s3141	1
s81824	1
s82238	1
s525	1
s3736	1
s83136	1
s82372	1
s83170	1
s134804	1
s4614	1
s83336	1
s82087	1
s115077	1
s82871	1
s114945	1
s114627	1
s2189	1
s2637	1
s114873	1
s490	1
s125550	1
s81443	1
s818	1
s121130	1
s3616	1
s105571	1
s114731	1
s3065	1
s3727	1
s78	1
s104830	1
s114672	1
s2051	1
s137932	1
s4303	1
s1326	1
s81463	1
s374	1
s129124	1
s5341	1
s138344	1
s1142	1
s140412	1
s207	1
s105398	1
s81894	1
s2497	1
s121095	1
s83060	1
s1374	1
s81693	0
s4598	1
s4873	1
s2535	1
s2990	1
s4114	1
s125621	1
s5217	1
s1304	1
s4347	1
s105365	1
s1762	1
s4284	1
s82189	1
s105166	1
s1842	1
s82906	1
s83074	1
s1886	1
s137957	1
s143415	1
s337	1
s82507	1
s4412	1
s4743	1
s82606	1
s105720	1
s3444	1
s121140	1
s82129	1
s82356	1
s2936	1
s105307	1
s1370	1
s114941	1
s84	1
s125385	1
s335	1
s2301	1
s82105	1
s2059	1
s5253	1
s3273	1
s2982	1
s82662	2
s105179	1
s82546	1
s138309	1
s1995	1
s134805	1
s82562	3
s137938	1
s105165	1
s1663	1
s1898	1
s1780	1
s3258	1
s4727	1
s2268	1
s2383	1
s81945	1
s220	1
s4571	1
s3362	1
s105037	1
s105335	1
s82274	1
s138218	1
s3932	1
s82857	1
s449	1
s658	1
s308	1
s2810	1
s104963	1
s131883	1
s4937	1
s3803	1
s82381	1
s307	1
s855	1
s3076	1
s104850	1
s4830	1
s129137	1
s134735	1
s143395	1
s114995	1
s1697	1
s5039	1
s3856	1
s2441	1
s82464	1
s1432	1
s83263	1
s105253	1
s476	1
s104799	1
s1911	0
s82528	1
s81996	1
s1372	1
s125515	1
s143337	1
s3898	1
s81767	1
s35	1
s1003	1
s1648	1
s3620	1
s139607	1
s5423	1
s121023	1
s134667	1
s121099	1
s1792	1
s129104	1
s4102	1
s4132	1
s3952	1
s105194	1
s138346	1
s3814	1
s1483	1
s121070	1
s2251	1
s4440	1
s4866	1
s105032	1
s82547	3
s114630	1
s140444	1
s1890	1
s1273	1
s514	1
s125472	1
s129188	1
s4569	1
s81922	1
s129093	1
s82022	1
s385	1
s104940	1
s82108	1
s4435	1
s3267	1
s114528	1
s4060	1
s4802	1
s251	1
s82079	1
s2899	1
s1356	1
s2166	1
s82617	1
s425	1
s82840	1
s3700	1
s3346	1
s129122	1
s132040	1
s1977	1
s82047	1
s114751	1
s129114	1
s4124	1
s3611	1
s82747	1
s786	1
s140477	1
s81	1
s2596	1
s3536	1
s83200	1
s4213	1
s105163	1
s4707	1
s142606	1
s131986	1
s83238	1
s115005	1
s2114	1
s277	1
s134630	1
s1684	1
s82179	1
s4923	1
s134694	3
s105718	1
s5134	1
s105748	1
s143346	1
s1170	1
s81561	1
s3331	1
s120991	1
s125620	1
s105391	1
s129224	1
s83189	1
s3857	1
s129191	3
s105673	1
s4444	1
s82483	1
s3233	1
s2244	1
s4984	1
s139638	1
s104904	1
s5170	1
s4201	1
s104936	1
s2234	1
s3063	1
s77	1
s82808	1
s1632	1
s81664	1
s1301	1
s131914	1
s4364	1
s2246	1
s104998	1
s83040	1
s120949	1
s105443	1
s82314	1
s81938	1
s120935	1
s131987	1
s206	1
s138227	1
s5058	1
s129234	1
s3287	1
s105259	1
s82516	1
s143332	1
s105500	1
s271	1
s105466	1
s139630	1
s143375	1
s280	1
s114715	1
s3784	1
s83285	1
s4748	1
s143321	1
s3395	1
s2888	1
s105430	1
s399	1
s3290	1
s114647	1
s2939	1
s132002	1
s3390	1
s82219	1
s105216	1
s83061	1
s83076	1
s5103	1
s105470	1
s140521	1
s105400	1
s105222	1
s120951	1
s3947	1
s4150	1
s3549	1
s81659	1
s501	1
s105319	1
s81360	1
s82945	1
s4886	1
s2284	1
s121005	1
s809	1
s105621	1
s938	1
s2282	1
s81978	1
s2907	1
s81605	1
s2700	1
s131953	1
s131996	1
s4600	1
s114586	1
s3097	1
s120914	1
s3431	1
s400	1
s3769	1
s81354	1
s120926	1
s105268	1
s1514	1
s114638	1
s132035	1
s2007	1
s4645	1
s138315	1
s4589	1
s82254	1
s698	1
s140488	1
s2015	1
s134802	1
s5073	1
s81379	1
s81430	1
s120787	1
s1420	1
s82839	1
s114693	1
s537	1
s81629	1
s114620	1
s4670	1
s5429	1
s2897	1
s104946	1
s1683	1
s129131	1
s104965	1
s81435	1
s3659	1
s105371	1
s2653	1
s2688	1
s129178	1
s253	1
s2109	1
s82396	1
s2529	1
s1429	1
s82397	1
s81691	0
s2468	1
s4402	1
s105264	1
s105229	1
s2108	1
s114877	1
s121017	1
s81646	1
s121071	1
s1897	1
s1987	1
s2660	1
s125434	1
s105221	1
s5325	1
s942	1
s105131	1
s4814	1
s114584	1
s137973	1
s132055	1
s139644	1
s4914	1
s134785	1
s104942	1
s4466	1
s105556	1
s82917	1
s4137	1
s81420	1
s805	1
s2351	1
s139651	1
s83331	1
s5129	1
s134697	2
s246	1
s1541	1
s4428	1
s2123	1
s2782	1
s2005	1
s3470	1
s776	1
s83222	1
s114834	1
s3051	1
s840	1
s105286	1
s140280	1
s105093	1
s82802	1
s4484	1
s2857	1
s3451	1
s83037	1
s5091	1
s2369	1
s137942	1
s4549	1
s1770	1
s114569	1
s81490	1
s81670	1
s83245	1
s129017	1
s798	1
s140260	1
s81653	1
s5029	1
s1749	1
s2619	1
s155	1
s82504	1
s120744	1
s3060	1
s4846	1
s114839	1
s138348	1
s129030	1
s134763	1
s82340	1
s1612	1
s140225	1
s114921	1
s2013	1
s143353	1
s790	1
s941	1
s3042	1
s479	1
s129213	1
s2414	1
s358	1
s81752	1
s3510	1
s48	1
s121162	1
s1578	1
s4006	1
s3587	1
s2553	1
s104896	0
s114665	1
s82597	3
s1137	1
s5142	1
s114772	3
s105703	1
s4672	1
s137990	1
s105769	1
s105246	2
s432	1
s140458	1
s81446	1
s125484	1
s882	1
s3084	1
s451	1
s1095	1
s4447	1
s82412	1
s115092	1
s1882	1
s1131	1
s134662	1
s129119	1
s138324	1
s3661	1
s4377	1
s82425	1
s4461	1
s2014	1
s4773	1
s2330	1
s2658	1
s3232	1
s121128	1
s82468	1
s2332	1
s131959	1
s1285	1
s1468	1
s1120	1
s81488	1
s1935	0
s329	1
s132076	1
s105546	1
s722	1
s144	1
s129204	2
s1222	1
s114666	1
s131963	1
s3125	1
s2252	1
s4586	1
s4230	1
s83049	1
s3361	1
s2023	1
s713	1
s114896	1
s131898	1
s125390	1
s4708	1
s82146	1
s143369	1
s2968	1
s2235	1
s653	1
s115024	1
s2142	1
s536	1
s1942	0
s2018	1
s4079	1
s120943	1
s83307	1
s3203	1
s105012	1
s3447	1
s4040	1
s4297	1
s82952	1
s139620	1
s3328	1
s2152	1
s1418	1
s4699	1
s83236	1
s140452	1
s120955	1
s105459	1
s1368	1
s4170	1
s42	1
s83180	1
s81739	1
s138300	1
s956	1
s4889	1
s134674	1
s5047	1
s82051	1
s2146	1
s1836	1
s82240	1
s134767	1
s114831	1
s131971	1
s81558	1
s3647	1
s138280	1
s131908	1
s4147	1
s140427	1
s2126	1
s1143	1
s757	1
s2180	1
s82011	1
s82594	3
s416	1
s1104	1
s114567	1
s125417	1
s81433	1
s2721	1
s125344	1
s114950	1
s105017	1
s438	1
s2245	1
s3781	1
s2012	1
s138278	1
s2540	1
s4385	1
s82270	1
s1194	1
s3104	1
s590	1
s82720	1
s82669	2
s3989	1
s2961	1
s82522	1
s3272	1
s105614	1
s105545	1
s4329	1
s83184	1
s2643	1
s1758	1
s2981	1
s125610	1
s81973	1
s82168	1
s2425	1
s82320	1
s131938	1
s82176	1
s120861	1
s82897	1
s4952	1
s4584	1
s4544	1
s114738	1
s131878	1
s82729	1
s4807	1
s2505	1
s114890	1
s125624	1
s105305	1
s82017	1
s2573	1
s1018	1
s1123	1
s1459	1
s3445	1
s114598	1
s138355	1
s81963	1
s3693	1
s138312	1
s2860	1
s105762	1
s4008	1
s1710	1
s83160	1
s121189	1
s82278	1
s4827	1
s3657	1
s2130	1
s143399	1
s2198	1
s4577	1
s2405	1
s81722	1
s81588	1
s2759	1
s2265	1
s114975	1
s143379	1
s5340	1
s125438	1
s1892	1
s1136	1
s1636	1
s4145	1
s115064	1
s2632	1
s22	1
s114795	2
s81376	1
s82981	1
s114585	1
s105228	1
s10	1
s81764	1
s2571	1
s652	1
s1610	1
s114980	1
s4953	1
s131978	1
s132037	1
s1502	1
s105048	1
s2136	1
s125440	1
s105294	1
s83217	1
s138283	1
s82031	1
s140506	1
s673	1
s82872	1
s1554	1
s2019	1
s4328	1
s82111	1
s1627	1
s2964	1
s81618	1
s82850	1
s4005	1
s83033	1
s125618	1
s4115	1
s105197	1
s1865	1
s5276	3
s115073	1
s4420	1
s125388	1
s2633	1
s143389	1
s114880	1
s140254	1
s134657	1
s285	1
s1102	1
s5297	3
s594	1
s82067	1
s1238	1
s2117	1
s4003	1
s82267	1
s3079	1
s83097	1
s121101	1
s2322	1
s5383	2
s1191	1
s1205	1
s149	1
s166	1
s1462	1
s1577	1
s3728	1
s4564	1
s129197	3
s114595	1
s129068	0
s134705	1
s1576	1
s115040	1
s2359	1
s2679	1
s5012	1
s125360	1
s105508	1
s2572	1
s120766	1
s5137	1
s1693	1
s82163	1
s82615	1
s3722	1
s132006	1
s83300	1
s771	1
s2761	1
s3358	1
s1193	1
s82180	1
s3790	1
s2309	1
s636	1
s821	1
s2221	1
s5016	1
s114563	1
s4805	1
s139640	1
s121134	1
s1783	1
s2329	1
s121151	1
s3586	1
s134750	1
s1993	1
s2103	1
s105033	1
s105595	1
s131899	1
s129218	1
s3165	1
s1456	1
s2881	1
s4682	1
s105457	1
s5289	3
s3282	1
s2866	1
s140227	1
s134803	1
s2806	1
s4717	1
s1973	1
s137934	1
s81815	1
s2691	1
s114687	1
s460	1
s125514	1
s4862	1
s81554	1
s4127	1
s82205	1
s4908	1
s83154	1
s705	1
s114984	1
s2318	1
s506	1
s1681	1
s105577	1
s114737	1
s1383	1
s115068	1
s588	1
s121194	1
s305	1
s296	1
s143354	1
s83019	1
s82188	1
s129004	1
s81690	0
s1166	1
s4456	1
s4181	1
s4745	1
s4775	1
s82664	2
s83023	1
s105140	1
s2925	1
s4370	1
s1523	1
s81802	1
s140273	1
s1642	1
s679	1
s1324	1
s234	1
s81864	1
s2552	1
s143608	1
s132015	1
s1996	1
s129059	1
s4246	1
s4956	1
s82805	1
s3299	1
s5171	1
s1803	1
s622	1
s4668	1
s2412	1
s950	1
s5373	2
s104793	1
s3169	1
s5412	1
s105587	1
s105186	1
s2593	1
s83109	1
s81639	1
s81987	1
s82942	1
s4401	1
s2467	1
s82034	1
s1235	1
s82052	1
s82345	1
s1327	1
s114816	1
s114530	1
s2958	1
s3201	1
s83230	1
s105607	1
s1032	1
s81773	1
s105647	1
s137979	1
s105158	1
s121	1
s134788	1
s82056	1
s4388	1
s140271	1
s2920	1
s81884	1
s5218	1
s4505	1
s125368	1
s120823	1
s105604	1
s5000	1
s82167	1
s2589	1
s3342	1
s134664	1
s140417	1
s2452	1
s129158	1
s125442	1
s82815	1
s105050	1
s3197	1
s114820	1
s3314	1
s82076	1
s893	1
s3806	1
s132036	1
s926	1
s4096	1
s4768	1
s1152	1
s142608	1
s4561	1
s105618	1
s5349	1
s289	1
s104801	1
s114656	1
s3853	1
s5135	1
s140419	1
s105147	1
s638	1
s105799	1
s955	1
s1533	1
s1017	1
s105479	1
s83232	1
s125373	1
s81643	1
s114823	1
s81544	1
s4524	1
s82390	1
s5099	1
s105211	1
s105708	1
s129044	1
s769	1
s3488	1
s83296	1
s129159	1
s1810	1
s82286	1
s134659	1
s4785	1
s105351	1
s5080	1
s132012	1
s81785	1
s140241	1
s81614	1
s178	1
s139617	1
s82097	1
s4601	1
s5250	1
s129232	1
s129063	1
s4235	1
s5105	1
s81687	0
s458	1
s4469	1
s1446	1
s105278	1
s2	1
s81583	1
s83305	1
s114539	1
s129201	2
s83157	1
s3364	1
s1284	1
s733	1
s120894	1
s104865	1
s2320	1
s81962	1
s586	1
s83056	1
s82312	1
s81584	1
s4519	1
s1606	1
s5208	1
s83269	1
s143428	1
s114650	1
s129103	1
s4700	1
s4968	1
s81401	1
s2185	1
s81808	1
s139613	1
s2102	1
s81477	1
s1246	1
s753	1
s4939	1
s129116	1
s125555	1
s2140	1
s81980	1
s4280	1
s1981	1
s105533	1
s196	1
s105314	1
s1821	1
s4962	1
s2570	1
s134790	1
s5392	2
s770	1
s1997	1
s134794	1
s134614	1
s105056	1
s138356	1
s4011	1
s3845	1
s82318	1
s105340	1
s5371	2
s114582	1
s114805	1
s2856	1
s11	1
s105029	1
s83198	1
s105469	1
s3014	1
s82738	1
s105766	1
s143340	1
s129023	1
s81854	1
s131920	1
s82495	1
s82351	1
s114537	1
s140247	1
s2879	1
s82867	1
s1224	1
s140429	1
s2531	1
s143392	1
s114552	1
s120980	1
s184	1
s3073	1
s114800	1
s81536	1
s4675	1
s2387	1
s105741	1
s125436	1
s82362	1
s2077	1
s105303	1
s2832	1
s4433	1
s4451	1
s2192	1
s4594	1
s132061	1
s799	1
s81950	1
s3755	1
s139634	1
s4987	1
s82331	1
s4226	1
s4130	1
s3099	1
s125375	1
s81633	1
s121145	1
s140493	1
s129136	1
s81492	1
s81852	1
s3733	1
s30	1
s115096	1
s104984	1
s82153	1
s762	1
s82316	1
s82299	1
s129075	1
s82480	1
s36	1
s82492	1
s83047	1
s5290	3
s663	1
s4863	1
s1460	1
s129151	1
s83043	1
s1873	1
s408	1
s105367	1
s3017	1
s4342	1
s114655	1
s4390	1
s81489	1
s516	1
s5178	1
s120982	1
s1087	1
s105627	1
s121010	1
s3493	1
s96479	1
s4849	1
s83338	1
s83100	1
s81388	1
s125350	1
s897	1
s1360	1
s1802	1
s83024	1
s129007	1
s3986	1
s105347	1
s2400	1
s114674	1
s1130	1
s1574	1
s1813	1
s81799	1
s2485	1
s3926	1
s125448	1
s125465	1
s2674	1
s105597	1
s3363	1
s114591	1
s2350	1
s2392	1
s82352	1
s4223	1
s4860	1
s2449	1
s121050	1
s1035	1
s105097	1
s5287	3
s82641	1
s121073	1
s131907	1
s1929	0
s5393	2
s766	1
s248	1
s104954	1
s2384	1
s105035	1
s138295	1
s125589	1
s5168	1
s138249	1
s1308	1
s81607	1
s114592	1
s4771	1
s114786	2
s4788	1
s82799	1
s131919	1
s81609	1
s2290	1
s82170	1
s851	1
s83090	1
s2595	1
s105406	1
s3656	1
s114712	1
s2195	1
s523	1
s3499	1
s82899	1
s1119	1
s83088	1
s82006	1
s139647	1
s4648	1
s114886	1
s4878	1
s544	1
s132070	1
s83257	1
s3554	1
s82549	3
s125358	1
s105793	1
s1138	1
s131941	1
s1012	1
s81508	1
s2030	1
s1275	1
s81432	1
s1211	1
s82894	1
s3394	1
s125370	1
s114859	1
s105144	1
s2506	1
s2026	1
s1969	1
s719	1
s466	1
s1702	1
s134810	1
s114517	1
s1475	1
s3213	1
s138299	1
s3093	1
s1617	1
s104909	1
s5115	1
s81608	1
s5140	1
s1905	1
s114936	1
s875	1
s4355	1
s114578	1
s2861	1
s143386	1
s3214	1
s105503	1
s81353	1
s82736	1
s5407	1
s82154	1
s82777	1
s114978	1
s4197	1
s423	1
s81745	1
s82405	1
s867	1
s114942	1
s82487	1
s5065	1
s105566	1
s2626	1
s4988	1
s758	1
s81626	1
s143417	1
s5007	1
s977	1
s105727	1
s2084	1
s1552	1
s115080	1
s5241	1
s83210	1
s2024	1
s3589	1
s140246	1
s82721	1
s4823	1
s104927	1
s104949	1
s664	1
s712	1
s841	1
s105277	1
s105025	1
s5063	1
s82107	1
s3775	1
s51	1
s114545	1
s4606	1
s104948	1
s120882	1
s3304	1
s104932	1
s2743	1
s3685	1
s82749	1
s4637	1
s3516	1
s125566	1
s120866	1
s1311	1
s2720	1
s630	1
s81406	1
s82921	1
s4252	1
s828	1
s121067	1
s2116	1
s5285	3
s2554	1
s114689	1
s120903	2
s655	1
s104980	1
s2503	1
s5120	1
s81766	1
s105174	1
s143325	1
s5251	1
s3830	1
s120757	1
s138257	1
s138308	1
s5211	1
s3459	1
s2941	1
s3941	1
s105800	1
s936	1
s4926	1
s105291	1
s576	1
s125431	1
s31	1
s125356	1
s82151	1
s105366	1
s5028	1
s105642	1
s131991	1
s82098	1
s82791	1
s5410	1
s924	1
s81804	1
s105485	1
s82737	1
s2058	1
s2598	1
s5303	3
s3864	1
s81362	1
s5404	1
s854	1
s114970	1
s105006	1
s121152	1
s105206	1
s233	1
s224	1
s4322	1
s4832	1
s3869	1
s114581	1
s120774	1
s1772	1
s1504	1
s82014	1
s3855	1
s115038	1
s4562	1
s148	1
s104835	1
s3550	1
s105478	1
s131922	1
s121040	1
s82556	3
s105362	1
s81729	1
s105410	1
s4638	1
s82626	1
s82488	1
s3438	1
s83141	1
s81523	1
s134753	1
s114971	1
s82084	1
s120815	1
s121085	1
s2118	1
s2969	1
s82909	1
s2394	1
s114929	1
s5406	1
s2158	1
s4229	1
s345	1
s82722	1
s65	1
s82883	1
s104883	1
s377	1
s81841	1
s82194	1
s1484	1
s83171	1
s3593	1
s81865	1
s3420	1
s115050	1
s81620	1
s3794	1
s1869	1
s4392	1
s138329	1
s105807	1
s225	1
s1761	1
s4674	1
s858	1
s1361	1
s5236	1
s105167	1
s5440	1
s82708	1
s5130	1
s105723	1
s4041	1
s4024	1
s139636	1
s1457	1
s81738	1
s81781	1
s129027	1
s129168	1
s83046	1
s1159	1
s139648	1
s138279	1
s2545	1
s83254	1
s3085	1
s140473	1
s140522	1
s105191	1
s1063	1
s82000	1
s3929	1
s2055	1
s82660	2
s82993	1
s83078	1
s81393	1
s431	1
s82843	1
s120985	1
s105293	1
s650	1
s2914	1
s81530	1
s2076	1
s3322	1
s82953	1
s82335	1
s1163	1
s82436	1
s81410	1
s2775	1
s105631	1
s82544	1
s82126	1
s3948	1
s81632	1
s121007	1
s83221	1
s82968	1
s105217	1
s131993	1
s134793	1
s4691	1
s2938	1
s81833	1
s140498	1
s4543	1
s2374	1
s3607	1
s105732	1
s1398	1
s4125	1
s114701	1
s3603	1
s244	1
s125533	1
s482	1
s82025	1
s125616	1
s140468	1
s125395	1
s625	1
s4304	1
s4687	1
s3492	1
s4310	1
s2213	1
s129111	1
s4650	1
s2149	1
s81964	1
s4945	1
s3174	1
s3988	1
s1186	1
s105281	1
s5027	1
s3092	1
s3515	1
s562	1
s105333	1
s83318	1
s105552	1
s2316	1
s3696	1
s82637	1
s83208	1
s3847	1
s4369	1
s1600	1
s2950	1
s4169	1
s137929	1
s498	1
s161	1
s105632	1
s392	1
s131988	1
s1539	1
s105729	1
s3256	1
s81814	1
s82403	1
s81517	1
s1279	1
s120969	1
s2563	1
s82177	1
s2889	1
s243	1
s143361	1
s2930	1
s688	1
s120818	1
s1884	1
s2616	1
s2368	1
s82456	1
s3671	1
s4013	1
s121030	1
s81732	1
s132071	1
s105267	1
s131955	1
s3479	1
s105796	1
s5312	1
s2713	1
s129065	1
s3662	1
s4977	1
s114640	1
s134762	1
s1406	1
s2298	1
s129118	1
s4528	1
s115067	1
s3474	1
s2764	1
s139652	1
s114575	1
s81749	1
s82717	1
s125406	1
s891	1
s334	1
s131882	1
s608	1
s104796	1
s5319	1
s114878	1
s81369	1
s104884	1
s140497	1
s134755	1
s1616	1
s3737	1
s332	1
s115012	1
s4822	1
s5121	1
s82768	1
s4287	1
s3136	1
s4725	1
s82298	1
s105021	1
s105039	1
s120917	1
s105803	1
s104939	1
s4069	1
s81925	1
s129127	1
s1978	1
s134649	1
s1585	1
s1464	1
s569	1
s104974	1
s4015	1
s129144	1
s4881	1
s104905	1
s2648	1
s1937	0
s104	1
s1283	1
s82570	3
s82453	1
s2299	1
s120912	1
s129016	1
s132051	1
s134786	1
s82690	1
s105451	1
s134692	1
s640	1
s83168	1
s2098	1
s2160	1
s2281	1
s5186	1
s2849	1
s120791	1
s667	1
s83001	1
s82888	1
s82422	1
s2106	1
s2586	1
s535	1
s1407	1
s1295	1
s4415	1
s847	1
s83277	1
s1213	1
s81541	1
s1747	1
s105226	1
s3766	1
s114889	1
s83126	1
s114619	1
s81467	1
s131891	0
s2705	1
s82062	1
s139645	3
s1196	1
s2241	1
s140415	1
s3598	1
s82136	1
s105075	1
s104837	1
s81943	1
s1021	1
s129024	1
s1212	1
s3175	1
s83328	1
s5162	1
s2740	1
s1932	0
s2061	1
s2788	1
s3433	1
s3594	1
s82452	1
s4581	1
s138305	1
s5399	1
s138297	1
s494	1
s3625	1
s2045	1
s82096	1
s3270	1
s105722	1
s3723	1
s3850	1
s3902	1
s82428	1
s83340	1
s83087	1
s3021	1
s4856	1
s3309	1
s104798	1
s125544	1
s134757	1
s125582	1
s128993	1
s3414	1
s82770	1
s83329	1
s279	1
s3812	1
s83291	1
s134776	1
s105675	1
s2038	1
s626	1
s137988	1
s4164	1
s104916	1
s105011	1
s4552	1
s3467	1
s125543	1
s697	1
s114884	1
s3600	1
s82668	2
s3666	1
s109	1
s114913	1
s82184	1
s4612	1
s3189	1
s105339	1
s105413	1
s1870	1
s3378	1
s114692	1
s4319	1
s3109	1
s104847	1
s4588	1
s4378	1
s81702	0
s81818	1
s105639	1
s125603	1
s105685	1
s3135	1
s140447	1
s4120	1
s632	1
s1265	1
s81750	1
s3166	1
s215	1
s82827	1
s82019	1
s82809	1
s2190	1
s5139	1
s24	1
s826	1
s4472	1
s4002	1
s82830	1
s3471	1
s3592	1
s411	1
s125575	1
s550	1
s582	1
s82822	1
s104972	1
s4997	1
s104851	1
s82964	1
s114914	1
s2203	1
s4358	1
s129100	1
s82190	1
s82633	1
s3482	1
s138320	1
s104906	1
s2805	1
s3630	1
s81961	1
s134682	1
s949	1
s120965	1
s689	1
s4218	1
s129108	1
s82094	1
s131897	1
s3964	1
s3106	1
s82284	1
s82955	1
s2693	1
s887	1
s138327	1
s336	1
s2793	1
s3249	1
s1713	1
s82093	1
s4485	1
s121126	1
s129208	2
s1116	1
s5	1
s82115	1
s4424	1
s3782	1
s5036	1
s83229	1
s121182	1
s121056	1
s129238	1
s120769	1
s2144	1
s120942	1
s114763	1
s3096	1
s3186	1
s4590	1
s83003	1
s132059	1
s83281	1
s104856	1
s82501	1
s1451	1
s1939	0
s2975	1
s138222	0
s105173	1
s82970	1
s140264	1
s82384	1
s2259	1
s121042	1
s140536	1
s4690	1
s114550	1
s4009	1
s2942	1
s82187	1
s81592	1
s4619	1
s134652	1
s138335	1
s104902	0
s105758	1
s1671	1
s82676	2
s114983	1
s4853	1
s5194	1
s2927	1
s120755	1
s104931	1
s115075	1
s2665	1
s1479	1
s81896	1
s82877	1
s5379	2
s82605	3
s561	1
s5181	1
s116	1
s105628	1
s2617	1
s4129	1
s114529	1
s3173	1
s140278	1
s1584	1
s82434	1
s114963	1
s129046	1
s82790	1
s121026	1
s3448	1
s528	1
s102	1
s3879	1
s83196	1
s82870	1
s1909	0
s114837	1
s763	1
s81681	1
s2423	1
s4224	1
s120747	1
s1099	1
s81759	1
s105348	1
s1384	1
s82876	1
s82414	1
s2954	1
s5417	1
s3567	1
s1250	1
s81960	1
s4702	1
s140220	1
s2525	1
s5203	1
s143384	1
s143408	1
s81697	0
s4323	1
s447	1
s121054	1
s82281	1
s121165	1
s137935	1
s1161	1
s125389	1
s105444	1
s2226	1
s3977	1
s125502	1
s134696	2
s1493	1
s81982	1
s125414	1
s143398	1
s221	1
s104802	1
s81957	1
s120745	1
s519	1
s81451	1
s727	1
s4605	1
s134709	1
s83342	1
s82419	1
s105396	1
s82328	1
s134754	1
s82109	1
s3735	1
s3757	1
s4669	1
s739	1
s3164	1
s2336	1
s81375	1
s114557	1
s4688	1
s5426	1
s185	1
s509	1
s81796	1
s81456	1
s114724	1
s3086	1
s1334	1
s138242	1
s81883	1
s4292	1
s2031	1
s131995	1
s2880	1
s114601	1
s140433	1
s105539	1
s120743	1
s1147	1
s1223	1
s641	1
s81862	1
s140438	1
s120771	1
s121052	1
s82255	1
s117	1
s2080	1
s1281	1
s121139	1
s2254	1
s83083	1
s82371	1
s81803	1
s5225	1
s114960	1
s105212	1
s105008	1
s125462	1
s81549	1
s5204	1
s3987	1
s125608	1
s4617	1
s368	1
s2289	1
s81858	1
s4097	1
s5258	1
s5075	1
s125488	1
s83235	1
s3366	1
s83267	1
s105585	1
s312	1
s1431	1
s121146	1
s120806	1
s81569	1
s415	1
s114968	1
s339	1
s114547	1
s83334	1
s105794	1
s105373	1
s1127	1
s138246	1
s602	1
s4290	1
s81655	1
s67	1
s114883	1
s82023	1
s82393	1
s82300	1
s125581	1
s105135	1
s139635	1
s82532	1
s4423	1
s82398	1
s4698	1
s331	1
s105731	1
s1988	1
s2725	1
s3126	1
s3746	1
s5172	1
s969	1
s104874	1
s114716	1
s2864	1
s890	1
s1678	1
s3082	1
s105409	1
s5221	1
s120885	1
s2798	1
s889	1
s4754	1
s5259	1
s2980	1
s105519	1
s129019	1
s5212	1
s1526	1
s4634	1
s82912	1
s82217	1
s143403	1
s986	1
s105116	1
s4896	1
s5053	1
s140275	1
s81439	1
s4782	1
s81586	1
s104821	1
s82069	1
s2876	1
s1564	1
s4027	1
s4108	1
s82654	2
s3264	1
s4282	1
s114696	1
s129177	1
s131958	1
s140406	1
s3945	1
s82785	1
s143357	1
s3191	1
s3730	1
s2296	1
s138351	1
s3446	1
s163	1
s129061	1
s81504	1
s2891	1
s2302	1
s3031	1
s3884	1
s132058	1
s82996	1
s3915	1
s105127	1
s114949	1
s5421	1
s105000	1
s2341	1
s5232	1
s114732	1
s1344	1
s2717	1
s105269	1
s120950	1
s1739	1
s648	1
s205	1
s4053	1
s105161	1
s82855	1
s2323	1
s4798	1
s83081	1
s4759	1
s105724	1
s82862	1
s1519	1
s143374	1
s4558	1
s82359	1
s5331	1
s310	1
s105518	1
s559	1
s125598	1
s3825	1
s564	1
s5400	1
s140530	1
s4225	1
s138294	1
s82295	1
s1414	1
s1056	1
s114976	1
s82966	1
s82207	1
s140476	1
s143405	1
s980	1
s81866	1
s121187	1
s5346	1
s82608	1
s105036	1
s316	1
s5131	1
s131905	1
s4317	1
s81774	1
s81352	1
s83091	1
s1760	1
s4341	1
s5369	2
s105038	1
s3279	1
s105471	1
s1750	1
s81422	1
s4254	1
s114580	1
s3854	1
s125606	1
s2371	1
s114806	1
s134717	1
s82893	1
s1300	1
s3886	1
s464	1
s121109	1
s105789	1
s121022	1
s3319	1
s114637	1
s140218	1
s3581	1
s3961	1
s143425	1
s83155	1
s3408	1
s120981	1
s140515	1
s5188	1
s137964	1
s137927	1
s114688	1
s114996	1
s132083	1
s114862	1
s1364	1
s4083	1
s4960	1
s114761	1
s2923	1
s105354	1
s723	1
s114504	1
s1185	1
s2087	1
s5288	3
s83251	1
s81844	1
s120799	1
s1894	1
s72	1
s3250	1
s797	1
s1979	1
s4597	1
s140441	1
s17	1
s2712	1
s83204	1
s1550	1
s2599	1
s4214	1
s1436	1
s105349	1
s115048	1
s839	1
s566	1
s4578	1
s4331	1
s3261	1
s137931	1
s1411	1
s105448	1
s105304	1
s3251	1
s82599	3
s114871	1
s3686	1
s3665	1
s82258	1
s143412	1
s143342	1
s131946	1
s140235	1
s134734	1
s114938	1
s132039	1
s434	1
s5187	1
s2512	1
s114748	1
s104926	1
s105576	1
s4593	1
s1158	1
s120945	1
s81932	1
s720	1
s998	1
s125416	1
s105171	1
s3243	1
s495	1
s5050	1
s4368	1
s114700	1
s2561	1
s115079	1
s81688	0
s4541	1
s82201	1
s125526	3
s82939	1
s125561	1
s4196	1
s1419	1
s137945	1
s105154	1
s82407	1
s3236	1
s125481	1
s3260	1
s121035	1
s138223	0
s115062	1
s129014	1
s81898	1
s105065	1
s120941	1
s1195	1
s82360	1
s2851	1
s134699	1
s1430	1
s81667	1
s120900	1
s315	1
s105233	3
s4039	1
s114740	1
s105234	3
s81564	1
s83150	1
s81545	1
s1111	1
s81483	1
s2398	1
s125452	1
s2082	1
s114691	1
s1210	1
s4248	1
s2347	1
s5041	1
s82003	1
s104986	1
s5184	1
s3022	1
s2112	1
s82440	1
s82199	1
s82444	1
s5304	1
s2230	1
s646	1
s120915	1
s81827	1
s5003	1
s105046	1
s125554	1
s4037	1
s4705	1
s589	1
s3116	1
s82584	3
s4646	1
s1007	1
s129161	1
s120850	1
s3752	1
s292	1
s4462	1
s5359	2
s274	1
s120964	1
s5013	1
s990	1
s82973	1
s1728	1
s2138	1
s1599	1
s372	1
s3498	1
s2706	1
s4731	1
s931	1
s82420	1
s132050	1
s1959	1
s105275	1
s121108	1
s3137	1
s104815	1
s4425	1
s105445	1
s2260	1
s104846	1
s114702	1
s3156	1
s82552	3
s74	1
s3610	1
s1230	1
s114568	1
s138226	1
s4138	1
s1904	1
s131885	1
s2151	1
s143322	1
s131962	1
s419	1
s134732	1
s3837	1
s4263	1
s4050	1
s3888	1
s82471	1
s83025	1
s3604	1
s114698	1
s4844	1
s137	1
s82417	1
s82514	1
s4721	1
s4513	1
s82965	1
s114658	1
s120827	1
s1416	1
s3478	1
s82157	1
s120841	1
s83036	1
s5274	3
s5118	1
s4912	1
s1317	1
s115045	1
s3382	1
s1310	1
s120902	2
s140268	1
s1452	1
s138285	1
s105081	1
s5198	1
s3621	1
s9	1
s134782	1
s1482	1
s59	1
s81855	1
s347	1
s1779	1
s2515	1
s125	1
s143409	1
s5382	2
s3077	1
s40	1
s105436	1
s105572	1
s83092	1
s81497	1
s121089	1
s114879	1
s105517	1
s114947	1
s5011	1
s1555	1
s39	1
s81499	1
s105662	1
s3588	1
s5427	1
s5254	1
s83286	1
s448	1
s3703	1
s105282	1
s140274	1
s1583	1
s4526	1
s4357	1
s120930	1
s1598	1
s454	1
s138292	1
s105521	1
s3663	1
s2275	1
s5344	1
s1321	1
s612	1
s120891	1
s4452	1
s34	1
s125558	1
s1145	1
s83167	1
s138238	1
s82323	1
s104827	1
s81895	1
s291	1
s4790	1
s3412	1
s140475	1
s105637	1
s1458	1
s81797	1
s121116	1
s104981	1
s1673	1
s125489	1
s120997	1
s5189	1
s3227	1
s1014	1
s125537	1
s128997	1
s81408	1
s125597	1
s82753	1
s131904	1
s1777	1
s2340	1
s114526	1
s125483	1
s134748	1
s1811	1
s3691	1
s82185	1
s5055	1
s2655	1
s129173	1
s1309	1
s120798	1
s1703	1
s140490	1
s121081	1
s1729	1
s81902	1
s125584	1
s4917	1
s114919	1
s3274	1
s82683	2
s115054	1
s4959	1
s129010	1
s114966	1
s691	1
s921	1
s2218	1
s2796	1
s139650	1
s3880	1
s3158	1
s82578	3
s125364	1
s134643	1
s82257	1
s81890	1
s105101	1
s82004	1
s1608	1
s82095	1
s121159	1
s81876	1
s1893	1
s5149	1
s1118	1
s125568	1
s81792	1
s191	1
s5305	3
s140281	1
s82155	1
s3296	1
s129109	1
s1181	1
s81378	1
s5298	3
s500	1
s114633	1
s125567	1
s254	1
s83028	1
s4117	1
s3776	1
s138306	1
s3950	1
s140439	1
s3430	1
s4913	1
s121001	1
s3762	1
s82202	1
s105418	1
s4283	1
s138304	1
s134736	1
s140478	1
s3815	1
s2073	1
s114962	1
s104871	1
s114542	1
s81623	1
s105113	1
s82559	3
s105241	2
s82391	1
s5398	1
s874	1
s4345	1
s4999	1
s4714	1
s4655	1
s120855	1
s3924	1
s4789	1
s295	1
s4259	1
s120905	1
s5095	1
s5108	1
s120919	1
s104794	1
s1376	1
s4471	1
s1809	1
s231	1
s105629	1
s82959	1
s3641	1
s132007	1
s81535	1
s1651	1
s3772	1
s121012	1
s3291	1
s2487	1
s5265	3
s82755	1
s138336	1
s1231	1
s3032	1
s83035	1
s82854	1
s82881	1
s105697	1
s631	1
s2445	1
s4906	1
s4161	1
s1025	1
s128998	1
s105638	1
s2520	1
s115023	1
s2004	1
s2698	1
s3570	1
s125609	1
s120983	1
s81385	1
s143385	1
s81519	1
s82329	1
s120793	1
s83206	1
s129083	1
s3150	1
s4628	1
s4966	1
s2272	1
s4422	1
s114994	1
s2852	1
s4925	1
s81527	1
s81399	1
s121195	1
s104879	1
s105284	1
s1319	1
s2894	1
s4293	1
s129070	1
s131911	1
s104805	1
s83130	1
s2537	1
s82206	1
s129115	1
s104967	1
s83018	1
s137937	1
s5405	1
s81790	1
s4398	1
s5160	1
s43	1
s2507	1
s143327	1
s81358	1
s4909	1
s824	1
s4021	1
s82150	1
s83278	1
s2645	1
s321	1
s121148	1
s81874	1
s125471	1
s143380	1
s129034	1
s120807	1
s132081	1
s120830	1
s3763	1
s497	1
s82513	1
s4417	1
s5342	1
s125563	1
s2279	1
s1503	1
s1563	1
s82709	1
s3415	1
s5044	1
s114882	1
s105224	1
s81863	1
s4216	1
s140229	1
s81786	1
s2802	1
s82895	1
s4797	1
s83272	1
s779	1
s125343	1
s114964	1
s4438	1
s105332	1
s4554	1
s2310	1
s4941	1
s82715	1
s4165	1
s105777	1
s1354	1
s4865	1
s4400	1
s82684	1
s1323	1
